Frequency,S33,S32,S23,S22
(3800000000+0j),(-0.07854180038+0.7074153705j),(-0.0007901789504-0.001925674849j),(-0.000619243423-0.001960903639j),(-0.03303056955+0.06176210014j)
(3801000000+0j),(-0.02256316319+0.7174463849j),(-0.0008612154052-0.001835929579j),(-0.0008550820639-0.001930595026j),(-0.03481151909+0.06504715912j)
(3802000000+0j),(0.03344319761+0.7231642392j),(-0.001131696627-0.001763354521j),(-0.00105876883-0.001818637946j),(-0.03618983552+0.06905970338j)
(3803000000+0j),(0.08874706179+0.7239757509j),(-0.001268066-0.001592279761j),(-0.001136727165-0.001592132496j),(-0.03689606488+0.07371897631j)
(3804000000+0j),(0.1419708431+0.7210121815j),(-0.001305477694-0.001477895887j),(-0.001300952863-0.001557144104j),(-0.03717109188+0.07907453431j)
(3805000000+0j),(0.1958627254+0.7133110639j),(-0.001490052673-0.00131285598j),(-0.001415227773-0.00145970576j),(-0.03665852919+0.08476548636j)
(3806000000+0j),(0.2472918034+0.7017718534j),(-0.001516133081-0.001194967772j),(-0.001546732849-0.001306963735j),(-0.03525095806+0.09086951754j)
(3807000000+0j),(0.2971533239+0.6862509625j),(-0.001694754581-0.001033866196j),(-0.00166160916-0.00107863755j),(-0.03303365037+0.09711237631j)
(3808000000+0j),(0.3454258442+0.6674255412j),(-0.001697350643-0.0009211672004j),(-0.001666908967-0.0009824699955j),(-0.0299404338+0.1034770327j)
(3809000000+0j),(0.3920817077+0.644639591j),(-0.001742601045-0.000738468545j),(-0.001794295269-0.0008795285248j),(-0.02584181353+0.1097572114j)
(3810000000+0j),(0.4360337555+0.6191244488j),(-0.001799845486-0.000530793739j),(-0.001798755955-0.0006680341321j),(-0.02096986584+0.1159200313j)
(3811000000+0j),(0.478326261+0.5906354914j),(-0.001845882391-0.0004752972745j),(-0.001832954935-0.0004969238653j),(-0.01520499587+0.1220154343j)
(3812000000+0j),(0.5181071758+0.55918244j),(-0.00181427924-0.0002226756624j),(-0.001866476377-0.0003933331755j),(-0.008845151402+0.1276853559j)
(3813000000+0j),(0.5552811623+0.5250550737j),(-0.001814777846-0.0001503654785j),(-0.001894412795-0.0002032453922j),(-0.001451224205+0.1329779852j)
(3814000000+0j),(0.5897837877+0.4882094139j),(-0.001813781448-1.661292481e-05j),(-0.001938248286-5.135690299e-05j),(0.006884313188+0.137726092j)
(3815000000+0j),(0.6213162541+0.4490417263j),(-0.001816108939+8.784006786e-05j),(-0.00188924151+5.940584742e-05j),(0.01596289873+0.1417235543j)
(3816000000+0j),(0.6497258544+0.4075485612j),(-0.001833905699+0.0002656104625j),(-0.001875881688+0.0002216141875j),(0.02580782771+0.1448574977j)
(3817000000+0j),(0.6753744483+0.3639658178j),(-0.001724470523+0.0003880786535j),(-0.001851912704+0.0004154222552j),(0.03618871421+0.1470707366j)
(3818000000+0j),(0.6979033947+0.3179067793j),(-0.001697922475+0.0004939140053j),(-0.001776973251+0.0005110980128j),(0.04726326093+0.1480916373j)
(3819000000+0j),(0.7167468071+0.2702940661j),(-0.001666598488+0.0007443711511j),(-0.001815876225+0.0006808174658j),(0.0584484525+0.1480796575j)
(3820000000+0j),(0.7323403358+0.2210331438j),(-0.001629863284+0.00088027725j),(-0.001683965907+0.0007367432117j),(0.0697779879+0.146844798j)
(3821000000+0j),(0.7442124486+0.1702442477j),(-0.001537738368+0.0009854654782j),(-0.001621826203+0.0008938827086j),(0.08111220598+0.1443153421j)
(3822000000+0j),(0.7519148588+0.1190115437j),(-0.001468364964+0.001000033459j),(-0.001577008981+0.001022166689j),(0.09238041192+0.1406893221j)
(3823000000+0j),(0.7556871772+0.06679645527j),(-0.00140647334+0.001211082097j),(-0.001444988535+0.001186829293j),(0.1032705978+0.1361267614j)
(3824000000+0j),(0.755546689+0.01348713029j),(-0.001324105775+0.001344600692j),(-0.001382494695+0.001294364105j),(0.1137376353+0.130378562j)
(3825000000+0j),(0.7511255145-0.04023380629j),(-0.001162544126+0.001467105816j),(-0.001256090705+0.001377995475j),(0.1239167005+0.1234980427j)
(3826000000+0j),(0.7423076034-0.09399505383j),(-0.001096947817+0.001505075255j),(-0.001171514974+0.001502404572j),(0.1332348734+0.1155992142j)
(3827000000+0j),(0.7293041945-0.1481186909j),(-0.0009813871002+0.001584939891j),(-0.001104738214+0.001609468251j),(0.14182657+0.1070165742j)
(3828000000+0j),(0.7116615772-0.2012055211j),(-0.0008531108615+0.001729882671j),(-0.0008757451433+0.00173608365j),(0.1494886577+0.09762505194j)
(3829000000+0j),(0.6892406344-0.2537432145j),(-0.0007543875254+0.001840496669j),(-0.0007632737979+0.001841255813j),(0.1561484784+0.08767285537j)
(3830000000+0j),(0.6623026729-0.3038967236j),(-0.0006120150792+0.001907129539j),(-0.0006594378501+0.001922360272j),(0.1620318145+0.07714126768j)
(3831000000+0j),(0.6304718256-0.3530517465j),(-0.0004295913968+0.001952880528j),(-0.0005243257037+0.001946430304j),(0.1668793708+0.06626351235j)
(3832000000+0j),(0.5939333439-0.4000899675j),(-0.0002957319084+0.00201663468j),(-0.000336186029+0.001951054554j),(0.1708525419+0.05488694762j)
(3833000000+0j),(0.552918613-0.4439063736j),(-0.0001155531354+0.001999983564j),(-0.0001328305225+0.00204512896j),(0.173643738+0.043309692j)
(3834000000+0j),(0.5069566369-0.4853115159j),(1.754996993e-05+0.002004428999j),(4.786354839e-05+0.002068167087j),(0.1755123287+0.03155672876j)
(3835000000+0j),(0.4569641054-0.5225356419j),(0.0002685490763+0.002124539111j),(0.0001944427931+0.002098916797j),(0.1761590689+0.01959490739j)
(3836000000+0j),(0.4028166234-0.5552800789j),(0.0004133809707+0.002013572492j),(0.0003966362274+0.002099118661j),(0.1757029593+0.007917278038j)
(3837000000+0j),(0.3450252116-0.5832632467j),(0.0006283021066+0.002046576003j),(0.0005649199011+0.002095723292j),(0.1741456985-0.003727074768j)
(3838000000+0j),(0.2841441333-0.6057301253j),(0.0008311618003+0.002006652066j),(0.0007898205076+0.00200612843j),(0.1716052294-0.01505768361j)
(3839000000+0j),(0.2201278657-0.6226619057j),(0.00109138852+0.001999352127j),(0.001023613266+0.002026326722j),(0.1680490822-0.02602539211j)
(3840000000+0j),(0.1537874788-0.6332974434j),(0.001234075055+0.001918402035j),(0.00119061186+0.001888665371j),(0.1633997411-0.03656453584j)
(3841000000+0j),(0.0861203745-0.6372596639j),(0.001417264459+0.00180109276j),(0.001327547128+0.001845467836j),(0.1576290876-0.04646299511j)
(3842000000+0j),(0.01700479537-0.6343903037j),(0.001601950964+0.001701110275j),(0.00149909209+0.001711393707j),(0.1508730352-0.0555462347j)
(3843000000+0j),(-0.05215017498-0.6240979435j),(0.001729318523+0.001578153227j),(0.001685307361+0.001607906772j),(0.1434686929-0.06361930649j)
(3844000000+0j),(-0.1203327328-0.6067985638j),(0.001912628883+0.001392077189j),(0.001862370991+0.001434295089j),(0.1353458613-0.07071516833j)
(3845000000+0j),(-0.1868322194-0.582144915j),(0.002122842474+0.001137624378j),(0.002088832436+0.001232124399j),(0.1266610771-0.07684571128j)
(3846000000+0j),(-0.2507829666-0.5505446463j),(0.002258001128+0.0009325729916j),(0.002195608569+0.00112952129j),(0.1174964905-0.08168792254j)
(3847000000+0j),(-0.3115667403-0.5117667527j),(0.002367988229+0.0007627511513j),(0.002269381424+0.0008187511121j),(0.1080149859-0.08523103921j)
(3848000000+0j),(-0.3678977489-0.4665526949j),(0.002426406834+0.0005449878518j),(0.0023506328+0.0006071327953j),(0.0984839648-0.08757030427j)
(3849000000+0j),(-0.4191899598-0.4156712985j),(0.002459199866+0.0002347091213j),(0.002473230474+0.0004410049005j),(0.08903751522-0.08862462551j)
(3850000000+0j),(-0.4647001326-0.359542641j),(0.00251813489-2.031241274e-05j),(0.002535295906+0.0001490644936j),(0.07994604111-0.08848503818j)
(3851000000+0j),(-0.5037091374-0.2988108497j),(0.002487817779-0.0002348501293j),(0.00250569894-0.0001407494419j),(0.07125280797-0.08732015701j)
(3852000000+0j),(-0.5360999107-0.2343248262j),(0.00248873583-0.0005174055113j),(0.002441512654-0.0003459389263j),(0.06309275329-0.08499009679j)
(3853000000+0j),(-0.5612761378-0.167390561j),(0.002380590653-0.0007875558222j),(0.002442878438-0.0006314362981j),(0.05567850918-0.08163060638j)
(3854000000+0j),(-0.5789168477-0.09794893481j),(0.002294550417-0.00100277341j),(0.002380860737-0.0008627316565j),(0.04907837883-0.07756466186j)
(3855000000+0j),(-0.5893001556-0.02849359909j),(0.002180210315-0.001288656378j),(0.002266363706-0.001158033963j),(0.04325248674-0.07269580065j)
(3856000000+0j),(-0.5920123458+0.04182115358j),(0.002073581563-0.001422691159j),(0.002122066449-0.001362603623j),(0.03833860531-0.06720035871j)
(3857000000+0j),(-0.5877315402+0.1107039876j),(0.001881825388-0.001615081448j),(0.00201352709-0.001576893497j),(0.03458574042-0.06124102336j)
(3858000000+0j),(-0.576376915+0.1783719746j),(0.001687348238-0.001802232349j),(0.001801232691-0.001692677848j),(0.03184434399-0.05486458181j)
(3859000000+0j),(-0.5582972169+0.2436785292j),(0.001509795664-0.001943915617j),(0.001592504676-0.001881028642j),(0.03029344976-0.048330338j)
(3860000000+0j),(-0.5342485905+0.3062690995j),(0.001275661984-0.002113145078j),(0.001394195366-0.002072537784j),(0.02990621515-0.04158377053j)
(3861000000+0j),(-0.50457412+0.3650468084j),(0.001013903529-0.002225769218j),(0.001208132366-0.002127164509j),(0.03065050766-0.03490381325j)
(3862000000+0j),(-0.469822675+0.4197895632j),(0.0008726715459-0.002258021152j),(0.0009568014648-0.002165143611j),(0.03273272142-0.0283532266j)
(3863000000+0j),(-0.4304099977+0.4701232667j),(0.0006212865701-0.002358596539j),(0.0006956526777-0.002228653291j),(0.03605422005-0.02234134376j)
(3864000000+0j),(-0.3873009682+0.5161404758j),(0.0003124893701-0.002255906118j),(0.0004725132603-0.002315293532j),(0.04049907252-0.01686956735j)
(3865000000+0j),(-0.340813756+0.5571537806j),(0.0001672542276-0.002322105924j),(0.0002513148938-0.002310912125j),(0.04598278552-0.01214602464j)
(3866000000+0j),(-0.2912685573+0.5931180466j),(-3.495906276e-05-0.002340174047j),(5.843035069e-06-0.002281789668j),(0.05244782567-0.00826623333j)
(3867000000+0j),(-0.2396112382+0.6240179125j),(-0.0002294708393-0.002239337657j),(-0.0001444864465-0.002320537344j),(0.05979337543-0.005385581105j)
(3868000000+0j),(-0.1864800453+0.649747506j),(-0.0004990113666-0.002208884107j),(-0.0004516796616-0.00225393381j),(0.06811852753-0.003893049141j)
(3869000000+0j),(-0.1323140562+0.6702574291j),(-0.0006696830387-0.002109017456j),(-0.0005700056208-0.002100049518j),(0.0768776685-0.003735363861j)
(3870000000+0j),(-0.07671537995+0.6861277201j),(-0.0008727585082-0.002042795066j),(-0.0007273053634-0.002087080618j),(0.08597623557-0.005025628953j)
(3871000000+0j),(-0.02080786973+0.6969172108j),(-0.001001328346-0.001855069655j),(-0.0009367468301-0.001947090146j),(0.09515023977-0.007908021688j)
(3872000000+0j),(0.03427133709+0.7030581957j),(-0.001223036204-0.001767222071j),(-0.001054398599-0.001821682323j),(0.1042263433-0.01237558177j)
(3873000000+0j),(0.0895685181+0.7043487244j),(-0.001221078564-0.001620165887j),(-0.001195351128-0.001765199122j),(0.112979196-0.01828026617j)
(3874000000+0j),(0.1442215741+0.7012217758j),(-0.001387822209-0.001502211206j),(-0.001307008904-0.001613259083j),(0.1211154237-0.02572182506j)
(3875000000+0j),(0.1972420812+0.6937931344j),(-0.001432317076-0.001364792464j),(-0.001449167496-0.001439754269j),(0.1283780336-0.03469884345j)
(3876000000+0j),(0.2495887876+0.6822620167j),(-0.001555669354-0.001294321963j),(-0.001515456359-0.001326034428j),(0.1347008795-0.04465161649j)
(3877000000+0j),(0.2999075055+0.6669185328j),(-0.001672253245-0.001162984176j),(-0.001608059509-0.00121559226j),(0.1398322433-0.05591629668j)
(3878000000+0j),(0.3487609029+0.6477708243j),(-0.001638824004-0.001007843181j),(-0.001740097417-0.001085494412j),(0.1436413676-0.0680266278j)
(3879000000+0j),(0.3957274854+0.6247844573j),(-0.001730360091-0.0008597371052j),(-0.001781041385-0.0009488850483j),(0.1460463256-0.08073554836j)
(3880000000+0j),(0.4404142201+0.5983954446j),(-0.00184442068-0.0007076761103j),(-0.001778124017-0.0008108459879j),(0.1469879746-0.09393671454j)
(3881000000+0j),(0.4830805659+0.5689128937j),(-0.001822947175-0.0006031008088j),(-0.001836170792-0.000595440506j),(0.1465806216-0.107516129j)
(3882000000+0j),(0.5226397514+0.5364074215j),(-0.001876070397-0.0003885585757j),(-0.001861112542-0.0005206873757j),(0.1445993632-0.1213471495j)
(3883000000+0j),(0.5594587922+0.5012552424j),(-0.001950822771-0.0003024059406j),(-0.001898843911-0.000298437255j),(0.1411286294-0.1353092057j)
(3884000000+0j),(0.5937196016+0.4635486984j),(-0.001902566175-2.441584547e-05j),(-0.00195759139-0.0001474865567j),(0.1360960305-0.1490563002j)
(3885000000+0j),(0.6249074936+0.4231260901j),(-0.001941420836+3.27310081e-05j),(-0.002004166832-6.152619608e-05j),(0.1294833273-0.1625658534j)
(3886000000+0j),(0.6530252099+0.380495464j),(-0.001934429398+0.0001657611865j),(-0.001997716259+0.0001247561013j),(0.1213196144-0.1756894863j)
(3887000000+0j),(0.6780184507+0.3355911492j),(-0.00195317599+0.0003533162526j),(-0.001936537214+0.0002781431831j),(0.1116355956-0.1879339284j)
(3888000000+0j),(0.6993983984+0.2890507672j),(-0.001898976392+0.0004994581686j),(-0.001895092661+0.0004529716098j),(0.1006193683-0.1994861355j)
(3889000000+0j),(0.7168591619+0.2409171286j),(-0.001841488411+0.0005421957467j),(-0.001896928065+0.000532018079j),(0.08833489567-0.2099078649j)
(3890000000+0j),(0.7313446999+0.1905354911j),(-0.001830244903+0.000792418432j),(-0.001848106855+0.0006986130029j),(0.07493367791-0.219219138j)
(3891000000+0j),(0.7414568663+0.1393253111j),(-0.001751809148+0.0009049664368j),(-0.001811786555+0.0009380554548j),(0.0604194887-0.2271704847j)
(3892000000+0j),(0.747748673+0.08730410289j),(-0.001672949409+0.001116479165j),(-0.001765412046+0.00102019636j),(0.0448781997-0.2339240964j)
(3893000000+0j),(0.7500016689+0.03445698505j),(-0.001645531622+0.001250162604j),(-0.001675824169+0.001180073712j),(0.02876196429-0.2390178097j)
(3894000000+0j),(0.7479385138-0.01875686249j),(-0.001562980236+0.001409872901j),(-0.001568898209+0.001355927088j),(0.01222187653-0.242610359j)
(3895000000+0j),(0.7415598631-0.07250093369j),(-0.001438778359+0.001498545869j),(-0.001472196192+0.001474241726j),(-0.004948632326-0.2446439188j)
(3896000000+0j),(0.7307546735-0.1257278098j),(-0.001252346323+0.001677916967j),(-0.001379795372+0.001617749338j),(-0.02227740176-0.2449975382j)
(3897000000+0j),(0.7153508067-0.1788641835j),(-0.001192622352+0.001697813743j),(-0.001217401586+0.001697800355j),(-0.03968443349-0.2436993297j)
(3898000000+0j),(0.6956830621-0.2312574796j),(-0.001003498444+0.001879579853j),(-0.001040871954+0.00180478103j),(-0.05694263801-0.2406357811j)
(3899000000+0j),(0.6708888412-0.2826877518j),(-0.0008827654528+0.001909422688j),(-0.0009142410709+0.001953324303j),(-0.07403422892-0.235841311j)
(3900000000+0j),(0.6418241858-0.3319285826j),(-0.0006799601833+0.002024086891j),(-0.0007685643504+0.002018857514j),(-0.09039806575-0.2293813249j)
(3901000000+0j),(0.6080000997-0.3794084427j),(-0.0004756991693+0.00214613718j),(-0.0005618263967+0.002135534305j),(-0.1061557084-0.2212380177j)
(3902000000+0j),(0.5697846413-0.4242709357j),(-0.0003841380239+0.002211856656j),(-0.0005103613948+0.002209043829j),(-0.1209831163-0.2117348843j)
(3903000000+0j),(0.5267804861-0.4662440264j),(-0.0001655539963+0.002240874805j),(-0.000224477204+0.002218502108j),(-0.1347967088-0.2006142764j)
(3904000000+0j),(0.4798186123-0.5048264787j),(6.368236791e-05+0.0022615341j),(2.636775662e-06+0.002308399417j),(-0.1474144757-0.1882797755j)
(3905000000+0j),(0.4284137785-0.5394127392j),(0.0002563798917+0.00231343694j),(0.0001827739034+0.002259199973j),(-0.1584499329-0.1747967802j)
(3906000000+0j),(0.3730819225-0.5696946834j),(0.0004980138037+0.002269361634j),(0.0003937529109+0.002206885023j),(-0.168118-0.1602751176j)
(3907000000+0j),(0.3150445223-0.5946628626j),(0.0007231689524+0.002239591209j),(0.0006611112622+0.002213445958j),(-0.1760970801-0.1448974846j)
(3908000000+0j),(0.2534942627-0.6143098071j),(0.0009248369606+0.002155728638j),(0.0008475398645+0.002171313157j),(-0.1823192537-0.1289241601j)
(3909000000+0j),(0.1895957887-0.628001766j),(0.00113848527+0.002088979352j),(0.0009987594094+0.002092394046j),(-0.1867188066-0.1125090149j)
(3910000000+0j),(0.1236819401-0.6358481268j),(0.001324528945+0.002024041023j),(0.001240845886+0.001949227299j),(-0.1894075423-0.09604420754j)
(3911000000+0j),(0.05631640181-0.6367449257j),(0.001605773577+0.001874674461j),(0.001432565157+0.001871910179j),(-0.1902182698-0.07962865353j)
(3912000000+0j),(-0.01200951915-0.6309429066j),(0.001730246935+0.001697416883j),(0.001542947488+0.001733670011j),(-0.1891833991-0.06333043917j)
(3913000000+0j),(-0.07968623191-0.6180665399j),(0.001918811933+0.001530446461j),(0.001793572796+0.001532812486j),(-0.1864769459-0.04785015697j)
(3914000000+0j),(-0.1460388601-0.5980322425j),(0.001992821926+0.001387573895j),(0.001901236712+0.00143420021j),(-0.1821078062-0.03282438389j)
(3915000000+0j),(-0.210448131-0.5710140799j),(0.002131968737+0.001186292036j),(0.002083500149+0.00132162252j),(-0.1762867421-0.01875804417j)
(3916000000+0j),(-0.2726136148-0.5369912228j),(0.002301899949+0.0009284932748j),(0.002101954771+0.001069246326j),(-0.1688867509-0.005700132559j)
(3917000000+0j),(-0.3309275508-0.4964249556j),(0.002320972038+0.0007257119287j),(0.002272424754+0.0008464248967j),(-0.1602994502+0.00614633897j)
(3918000000+0j),(-0.3851643205-0.4495670369j),(0.002384011867+0.0004883062211j),(0.002271680161+0.0006085771602j),(-0.1505488604+0.01654739494j)
(3919000000+0j),(-0.4338325262-0.3970755467j),(0.0024239372+0.0001840119221j),(0.002317390637+0.0003826764587j),(-0.1399064213+0.02559264025j)
(3920000000+0j),(-0.476963371-0.3395159806j),(0.002434897469+4.254802661e-06j),(0.002367338166+0.0001695627434j),(-0.1283888072+0.03317200372j)
(3921000000+0j),(-0.5136030912-0.2774363586j),(0.002384465421-0.0001942166855j),(0.00241682562-5.596887058e-05j),(-0.1163791791+0.03905190507j)
(3922000000+0j),(-0.5433338881-0.2121085857j),(0.002359222854-0.0004576363135j),(0.002363254083-0.0002858485677j),(-0.1039969549+0.04321351911j)
(3923000000+0j),(-0.5658836961-0.1442994228j),(0.002314657439-0.000692155154j),(0.00232353271-0.0004477040784j),(-0.0913335979+0.04552500985j)
(3924000000+0j),(-0.5811176896-0.07468367951j),(0.002243033843-0.0009044977487j),(0.002315111458-0.0006875179242j),(-0.07871887088+0.0460520007j)
(3925000000+0j),(-0.5888823867-0.004550442951j),(0.002115520183-0.001058276044j),(0.002155487426-0.0008897855878j),(-0.06636048108+0.04480779476j)
(3926000000+0j),(-0.5889129043+0.06570380617j),(0.002033710014-0.001328100567j),(0.002068616683-0.001107221004j),(-0.05453996733+0.0418155582j)
(3927000000+0j),(-0.582101047+0.1345290636j),(0.001846847124-0.001554531627j),(0.001934693777-0.00131252443j),(-0.04353524745+0.03702064817j)
(3928000000+0j),(-0.5681603551+0.2019817796j),(0.001758611645-0.00161550031j),(0.001860590302-0.00143517775j),(-0.03361892328+0.03081161885j)
(3929000000+0j),(-0.547416687+0.2673220893j),(0.001510815113-0.001760183019j),(0.001733774203-0.001681434456j),(-0.02482242137+0.02307860833j)
(3930000000+0j),(-0.5208480954+0.3291006325j),(0.001421424677-0.001871707733j),(0.001584995305-0.001696608844j),(-0.01757457107+0.01409883055j)
(3931000000+0j),(-0.4883295894+0.3870301382j),(0.001228165696-0.002017362276j),(0.001373694395-0.001909800223j),(-0.01202277653+0.004034314077j)
(3932000000+0j),(-0.4506248832+0.4412436429j),(0.0009711709572-0.002054456156j),(0.001139568863-0.001995179802j),(-0.008198088035-0.006692074917j)
(3933000000+0j),(-0.4086773694+0.4906630262j),(0.0008096088422-0.002096088137j),(0.0009926481871-0.002052367898j),(-0.006205847487-0.01797616438j)
(3934000000+0j),(-0.3626797199+0.5349715472j),(0.000636402634-0.002250906778j),(0.0007863528444-0.002148565138j),(-0.006174350157-0.029547457j)
(3935000000+0j),(-0.3134168684+0.5743608949j),(0.0003605340025-0.002223027404j),(0.0006209101994-0.002192612272j),(-0.008078907616-0.0408490362j)
(3936000000+0j),(-0.2614977062+0.6083929019j),(0.0002060927654-0.002203192795j),(0.0004203299759-0.002154955175j),(-0.01173987985-0.05190210671j)
(3937000000+0j),(-0.2077192217+0.6371002723j),(5.029973909e-05-0.00221249694j),(0.0002234551648-0.002225752221j),(-0.01737652533-0.06242380683j)
(3938000000+0j),(-0.1519116163+0.6604820737j),(-0.0001080398288-0.002203553682j),(7.476257451e-06-0.002303546062j),(-0.02457664348-0.07196951458j)
(3939000000+0j),(-0.09553036094+0.6785851511j),(-0.0002979966812-0.00221466599j),(-0.0001634158834-0.002241546521j),(-0.03339080885-0.08057491401j)
(3940000000+0j),(-0.03832940385+0.6914788553j),(-0.0005141727743-0.002192239277j),(-0.0002890717296-0.002180432435j),(-0.04357029498-0.0879163784j)
(3941000000+0j),(0.01882515475+0.6993515184j),(-0.0007106032572-0.002109082881j),(-0.000634079508-0.00218527019j),(-0.0549473092-0.09382353704j)
(3942000000+0j),(0.07567261159+0.7020400292j),(-0.0008849205333-0.002038157778j),(-0.0008366647526-0.002105866093j),(-0.06746400148-0.09821240447j)
(3943000000+0j),(0.1317817122+0.70005449j),(-0.001118719927-0.001887798542j),(-0.0009354515933-0.00199704757j),(-0.08076150715-0.1009287087j)
(3944000000+0j),(0.1873129308+0.6932862574j),(-0.001196712023-0.001793825766j),(-0.00111620198-0.001902058721j),(-0.09464600682-0.1018678139j)
(3945000000+0j),(0.2412144393+0.6822558061j),(-0.00136938307-0.001701711328j),(-0.00126663642-0.001795703894j),(-0.1090100333-0.1009092152j)
(3946000000+0j),(0.2931745648+0.6670147094j),(-0.001461155713-0.001594032277j),(-0.001462943619-0.001670790953j),(-0.1234426275-0.09788678822j)
(3947000000+0j),(0.3439927101+0.6476005074j),(-0.001598483068-0.001462709857j),(-0.001472813776-0.001563108177j),(-0.1376919746-0.09299800645j)
(3948000000+0j),(0.3922287524+0.624384996j),(-0.00172141497-0.001274388516j),(-0.001688749064-0.001368562924j),(-0.1515570581-0.086389145j)
(3949000000+0j),(0.4379910529+0.5976967097j),(-0.001802719082-0.001134832739j),(-0.00174616999-0.001277288538j),(-0.16482535-0.07776297349j)
(3950000000+0j),(0.4813067019+0.5676657291j),(-0.001860230463-0.001010764739j),(-0.001836176496-0.001101169153j),(-0.1771180034-0.06755735466j)
(3951000000+0j),(0.521283865+0.5348909787j),(-0.001889825799-0.0008612131933j),(-0.001908642473-0.001005986473j),(-0.1885171533-0.05589706109j)
(3952000000+0j),(0.5587341189+0.4988471246j),(-0.001951105427-0.0006857756525j),(-0.001916033099-0.000811257516j),(-0.1985577345-0.04267656242j)
(3953000000+0j),(0.5932708383+0.4601388888j),(-0.001975606661-0.0005961068673j),(-0.001969187753-0.0006824882585j),(-0.2073982805-0.02824789314j)
(3954000000+0j),(0.6246272326+0.4190462726j),(-0.002111652168-0.0004014037258j),(-0.002057703212-0.0004743493337j),(-0.2148740441-0.01271903126j)
(3955000000+0j),(0.6526539326+0.3756400083j),(-0.002046427922-0.0002763872617j),(-0.0020523977-0.0003410774807j),(-0.2208901346+0.003723643147j)
(3956000000+0j),(0.6770788431+0.3307188902j),(-0.002124430379-4.606683069e-05j),(-0.002072872361-0.0002167394123j),(-0.2251761854+0.02118284269j)
(3957000000+0j),(0.698300004+0.2836748614j),(-0.002083000261+0.0001568182633j),(-0.002143766033+1.778531623e-05j),(-0.227590993+0.03928023893j)
(3958000000+0j),(0.7155970931+0.2350228793j),(-0.002132117515+0.0002947704925j),(-0.002108065877+0.0001746474736j),(-0.2281455398+0.05757704485j)
(3959000000+0j),(0.7292289138+0.1851079305j),(-0.002119973302+0.0004305632901j),(-0.002125139348+0.0002517557296j),(-0.2266943902+0.07627517154j)
(3960000000+0j),(0.7386251688+0.1344171865j),(-0.002081794431+0.0006005290197j),(-0.002110305941+0.0004648081958j),(-0.2235868275+0.09484212302j)
(3961000000+0j),(0.7441395521+0.08287138543j),(-0.002016737126+0.0007456726744j),(-0.002068020636+0.0006545609212j),(-0.2186010331+0.113114675j)
(3962000000+0j),(0.7459254265+0.03066621009j),(-0.001969265984+0.0009903961327j),(-0.002112569986+0.0007889406988j),(-0.2116940171+0.1312978304j)
(3963000000+0j),(0.7432129979-0.02204991031j),(-0.001918975497+0.001077525318j),(-0.002017695224+0.0009678993956j),(-0.2028599232+0.1486035713j)
(3964000000+0j),(0.7363764048-0.07417403427j),(-0.001851321314+0.001290388405j),(-0.001946100616+0.00110228383j),(-0.1923264712+0.1653512288j)
(3965000000+0j),(0.725371778-0.1264880665j),(-0.001742617926+0.001416853745j),(-0.001876120805+0.001373746549j),(-0.1801820397+0.180965357j)
(3966000000+0j),(0.7099580765-0.1780935618j),(-0.001635514665+0.00155963772j),(-0.001726091723+0.001574103604j),(-0.166498825+0.1954906962j)
(3967000000+0j),(0.6901744008-0.2283616314j),(-0.001528005581+0.001703583868j),(-0.001669498393+0.001659330446j),(-0.1512488425+0.2087577968j)
(3968000000+0j),(0.6660672426-0.2773634693j),(-0.001405780786+0.001870173728j),(-0.001522563049+0.001828702749j),(-0.1346269548+0.2205525604j)
(3969000000+0j),(0.637657702-0.3249744485j),(-0.001282275422+0.002048413735j),(-0.001317340764+0.001948250341j),(-0.1167561114+0.2307110536j)
(3970000000+0j),(0.6048445702-0.3709023798j),(-0.001018712413+0.002188768005j),(-0.001195411198+0.002092248062j),(-0.09804127365+0.2389702466j)
(3971000000+0j),(0.5678122044-0.4176740285j),(-0.0009236740298+0.002181502525j),(-0.0009790530894+0.002200643998j),(-0.0803226009+0.2476888265j)
(3972000000+0j),(0.5262541175-0.4579945962j),(-0.0007137531647+0.002354963915j),(-0.0008548034239+0.00227642688j),(-0.06005147099+0.2524344414j)
(3973000000+0j),(0.4809489846-0.4950119651j),(-0.0004582709807+0.002405248582j),(-0.0005647235666+0.002419750905j),(-0.03904266655+0.2552092746j)
(3974000000+0j),(0.4318662286-0.5281264415j),(-0.0002480460389+0.002437421121j),(-0.0003812687064+0.002473387402j),(-0.01784094237+0.2555023191j)
(3975000000+0j),(0.3796440363-0.5567878909j),(-5.898094969e-05+0.0025014407j),(-0.0002042168198+0.002544653136j),(0.002981617348+0.2536337819j)
(3976000000+0j),(0.3238994479-0.5811668202j),(0.0001702401787+0.002605339978j),(3.985085277e-05+0.002569620498j),(0.02366326563+0.2496589722j)
(3977000000+0j),(0.2650854886-0.6005359503j),(0.0003939876624+0.002551763318j),(0.0003221140068+0.0026052061j),(0.04357695952+0.2435219623j)
(3978000000+0j),(0.204196021-0.6143270899j),(0.000673999195+0.002530404134j),(0.0004804636992+0.002510250546j),(0.06284413487+0.2352782707j)
(3979000000+0j),(0.1412642002-0.6224198336j),(0.0009300234378+0.002483537653j),(0.0006766656879+0.002467343584j),(0.08098623157+0.2250252047j)
(3980000000+0j),(0.07713789493-0.6243589823j),(0.001059908071+0.002397543285j),(0.0009617938194+0.00247764145j),(0.097671628+0.2128515059j)
(3981000000+0j),(0.01212498639-0.6198684897j),(0.00134224561+0.002303541405j),(0.001133718295+0.002429765416j),(0.1125680879+0.1990414463j)
(3982000000+0j),(-0.05224703997-0.6088979135j),(0.001572277746+0.002255828585j),(0.001329378923+0.002298273612j),(0.1259591728+0.1837570327j)
(3983000000+0j),(-0.1164035201-0.5910755323j),(0.001824127161+0.002038221573j),(0.001643511932+0.002181064803j),(0.1369310915+0.1672643287j)
(3984000000+0j),(-0.1793867201-0.5665713821j),(0.0019211818+0.002012941753j),(0.001826419146+0.001993628684j),(0.1459526718+0.1499428165j)
(3985000000+0j),(-0.2396969497-0.5354397006j),(0.002158889547+0.001727468334j),(0.002023706911+0.001914155553j),(0.1528138965+0.1321477715j)
(3986000000+0j),(-0.2963732183-0.4982103632j),(0.002319468651+0.00157817197j),(0.002183550969+0.00177419465j),(0.1574279666+0.1138726837j)
(3987000000+0j),(-0.3497070968-0.4546577135j),(0.00248082215+0.001342987758j),(0.002366876928+0.001520373044j),(0.1599298567+0.09568258784j)
(3988000000+0j),(-0.3984396756-0.405564138j),(0.002612701384+0.001160758431j),(0.002508182079+0.001326132799j),(0.1602755636+0.07755346228j)
(3989000000+0j),(-0.4416440725-0.3513946263j),(0.002709389431+0.0009065862396j),(0.00273408019+0.001053541782j),(0.1583500355+0.05979593718j)
(3990000000+0j),(-0.4789427519-0.2925752096j),(0.002792330226+0.0006377880927j),(0.002827330725+0.0009098512819j),(0.1541960835+0.04281604839j)
(3991000000+0j),(-0.5096515417-0.2301628732j),(0.002942963969+0.0003910305095j),(0.002893726341+0.0006010489888j),(0.1479694843+0.02683710635j)
(3992000000+0j),(-0.5335840583-0.1649338474j),(0.002948262962+9.941414464e-05j),(0.002922377549+0.0003906409256j),(0.1397956014+0.01218819458j)
(3993000000+0j),(-0.5503502488-0.09753871163j),(0.002956480952-0.0001747209899j),(0.003002306679+2.152083107e-05j),(0.1299862862-0.0007540658936j)
(3994000000+0j),(-0.5596320629-0.02911763252j),(0.002927597379-0.000451638567j),(0.003021245124-0.000326231384j),(0.118841894-0.01199645009j)
(3995000000+0j),(-0.561589241+0.04002376082j),(0.002944809385-0.0007737014676j),(0.002988379449-0.0005468307645j),(0.10662736-0.0214346762j)
(3996000000+0j),(-0.5563098788+0.1080635816j),(0.002842008136-0.00106060179j),(0.002943058731-0.0009226541733j),(0.09334058315-0.0288396966j)
(3997000000+0j),(-0.5439895988+0.1746732065j),(0.002737625036-0.001337892609j),(0.002833471401-0.001113865757j),(0.07939574122-0.03407926855j)
(3998000000+0j),(-0.52482903+0.2392725237j),(0.00255548046-0.001578796306j),(0.002737675328-0.001457844628j),(0.0651537329-0.03716291575j)
(3999000000+0j),(-0.4992452264+0.3008164687j),(0.00241909083-0.001799384481j),(0.002631227486-0.001829361427j),(0.05093030259-0.0379353464j)
(4000000000+0j),(-0.4674710631+0.3591382559j),(0.002277703956-0.002090715803j),(0.002416311763-0.001971777296j),(0.03695594892-0.0365632249j)
(4001000000+0j),(-0.4416109622+0.4110744451j),(0.002122537931-0.00233165524j),(0.002335842699-0.002215594053j),(0.02364566177-0.03302303947j)
(4002000000+0j),(-0.4005610049+0.4612238052j),(0.001909493934-0.00240646326j),(0.002086376306-0.002419099212j),(0.01121106092-0.02754929374j)
(4003000000+0j),(-0.3550215662+0.5066125995j),(0.001626710058-0.002653769916j),(0.001793943811-0.00263282191j),(-0.0001746993948-0.0203230042j)
(4004000000+0j),(-0.3056405783+0.5467867103j),(0.001360908267-0.002845329465j),(0.001563402475-0.002840327099j),(-0.01038214285-0.01146195899j)
(4005000000+0j),(-0.2536378205+0.5812912679j),(0.001085972064-0.002915240591j),(0.001253946684-0.002927606693j),(-0.01912073977-0.0009314142684j)
(4006000000+0j),(-0.1994238198+0.6102794675j),(0.000855339109-0.003030758351j),(0.000990141416-0.003037997754j),(-0.02610113844+0.01087166174j)
(4007000000+0j),(-0.1428892165+0.6337571157j),(0.000528450415-0.00310642831j),(0.0007473836886-0.003166623646j),(-0.03118474223+0.02382772j)
(4008000000+0j),(-0.08527200669+0.651614546j),(0.0002635389683-0.003068917198j),(0.0003733662306-0.003136960091j),(-0.0342076458+0.03752280863j)
(4009000000+0j),(-0.02796251513+0.6637709219j),(-7.076381735e-06-0.003098977963j),(8.797385817e-05-0.003164308611j),(-0.03511926904+0.05171505864j)
(4010000000+0j),(0.02966069058+0.6706891246j),(-0.0003245621338-0.003105510725j),(-0.0002156250121-0.003172040451j),(-0.03399401531+0.06605657842j)
(4011000000+0j),(0.08760318905+0.6722603978j),(-0.0006349259056-0.003091744613j),(-0.0004226634046-0.003064025193j),(-0.03055866435+0.08045694102j)
(4012000000+0j),(0.1443330646+0.6688230996j),(-0.0008816212066-0.002998701064j),(-0.0007288774359-0.003041101852j),(-0.02526759915+0.09444736061j)
(4013000000+0j),(0.1994770169+0.6604470704j),(-0.001104807016-0.002840906614j),(-0.001021981938-0.002989707515j),(-0.01769968309+0.1078749436j)
(4014000000+0j),(0.2534444332+0.6475403385j),(-0.001313148183-0.002792346291j),(-0.001285753679-0.002855767729j),(-0.008425259031+0.1204292154j)
(4015000000+0j),(0.3056607842+0.6301923853j),(-0.001567713567-0.002678770572j),(-0.001551226946-0.00273928605j),(0.003021702636+0.1318871442j)
(4016000000+0j),(0.3554820418+0.6087822361j),(-0.001786025241-0.002470058389j),(-0.00174927921-0.002561507979j),(0.015968889+0.1420572757j)
(4017000000+0j),(0.4027629495+0.583363703j),(-0.002003866481-0.002343457425j),(-0.001957701519-0.002469077008j),(0.03058862127+0.1506038345j)
(4018000000+0j),(0.4473536611+0.5546953945j),(-0.002292906865-0.002123177517j),(-0.002151842928-0.002245793585j),(0.04674907774+0.157357628j)
(4019000000+0j),(0.4885152578+0.5226609904j),(-0.00240522041-0.001886448241j),(-0.002325615613-0.002030773554j),(0.06360522658+0.1624929615j)
(4020000000+0j),(0.5272978544+0.487427888j),(-0.002503797179-0.00166597811j),(-0.002563450253-0.001819276134j),(0.0815191716+0.1655819544j)
(4021000000+0j),(0.5629472733+0.4492300697j),(-0.002686723135-0.001505246037j),(-0.002681695158-0.001642586547j),(0.1000159606+0.1665388534j)
(4022000000+0j),(0.595130682+0.4085763339j),(-0.002818129957-0.001252130023j),(-0.002787373029-0.001369304955j),(0.1189893484+0.165357573j)
(4023000000+0j),(0.6239702106+0.3653431648j),(-0.002907739719-0.00103840197j),(-0.002929746639-0.001116677769j),(0.1379889846+0.1619511035j)
(4024000000+0j),(0.6490381956+0.3203149858j),(-0.00295902486-0.0008501872071j),(-0.00304166344-0.0009129177779j),(0.1569650173+0.1564624802j)
(4025000000+0j),(0.6704970002+0.2732385836j),(-0.00305948942-0.0005424281699j),(-0.003120609559-0.0006509834784j),(0.175517574+0.1487071432j)
(4026000000+0j),(0.6876642108+0.2250248307j),(-0.003134493716-0.0002635372803j),(-0.003172012977-0.0003474041005j),(0.1937390566+0.1386302417j)
(4027000000+0j),(0.7010051012+0.1751398464j),(-0.003162847832+4.898489715e-05j),(-0.003255591728-0.0001134870181j),(0.2106979787+0.1265386056j)
(4028000000+0j),(0.7104669809+0.124599184j),(-0.003190332558+0.0003005299077j),(-0.003261806676+0.0002194058616j),(0.2267105877+0.1124394414j)
(4029000000+0j),(0.7156787515+0.07295597577j),(-0.003198588733+0.0005710190744j),(-0.003232822288+0.0004567300202j),(0.2413464189+0.09646047474j)
(4030000000+0j),(0.7168440819+0.02108405998j),(-0.003155982355+0.0008843377582j),(-0.003212971613+0.0007411848637j),(0.2543054521+0.07886666571j)
(4031000000+0j),(0.7136454582-0.03141104857j),(-0.003120308276+0.001181622501j),(-0.003186224261+0.001079829526j),(0.2656855285+0.05958749602j)
(4032000000+0j),(0.7059533-0.0826601034j),(-0.003064909251+0.001477532904j),(-0.003079598071+0.001339128008j),(0.2749834955+0.03884835746j)
(4033000000+0j),(0.6939913034-0.1339681518j),(-0.002867368283+0.001661231392j),(-0.003027293365+0.001511354698j),(0.2820166647+0.01711090646j)
(4034000000+0j),(0.6776579022-0.1845916075j),(-0.002793045482+0.001985492883j),(-0.002921981039+0.00190091657j),(0.2867700458-0.005567282364j)
(4035000000+0j),(0.6568822265-0.2340163399j),(-0.002728023333+0.002252835315j),(-0.002791414037+0.002124823863j),(0.2891360223-0.02846112128j)
(4036000000+0j),(0.6316651702-0.2820398145j),(-0.002458211035+0.002550631296j),(-0.002591472818+0.0024679692j),(0.2891027033-0.05153714536j)
(4037000000+0j),(0.6019912362-0.3283778698j),(-0.002241158625+0.002774243709j),(-0.002381717786+0.002719221637j),(0.28674981-0.07457033964j)
(4038000000+0j),(0.5683622956-0.3719353641j),(-0.001998673193+0.003029034706j),(-0.002186226891+0.00299691828j),(0.2821474671-0.09728350415j)
(4039000000+0j),(0.5303145647-0.412773652j),(-0.001672255574+0.00322115072j),(-0.001878750627+0.003248522989j),(0.2751844823-0.1195601578j)
(4040000000+0j),(0.4884227812-0.4507015834j),(-0.001419001841+0.003427811665j),(-0.001578167896+0.003367088968j),(0.2661275268-0.1409985247j)
(4041000000+0j),(0.4425331354-0.4851067864j),(-0.001101415372+0.003589742118j),(-0.001185850473+0.003595373593j),(0.254935205-0.1614347023j)
(4042000000+0j),(0.3932642341-0.5153922953j),(-0.0006611732533+0.003662009025j),(-0.0008895000792+0.003636381822j),(0.2416655421-0.1806975778j)
(4043000000+0j),(0.3407419324-0.5411550688j),(-0.0003966002841+0.003823373234j),(-0.0005394083564+0.003751968965j),(0.2267059833-0.1982316106j)
(4044000000+0j),(0.2845010459-0.5624952721j),(-3.0494768e-05+0.003782282351j),(-0.0002672054106+0.003834312782j),(0.2100564837-0.2143521295j)
(4045000000+0j),(0.2267581224-0.5781754148j),(0.00031890627+0.003832929069j),(0.0002228797093+0.003884670325j),(0.1921398193-0.2285148426j)
(4046000000+0j),(0.1668638736-0.5882302935j),(0.0007134635234+0.003865359584j),(0.000623825239+0.00388226728j),(0.1729333699-0.240669283j)
(4047000000+0j),(0.1050643399-0.5925087588j),(0.001091250451+0.003733768361j),(0.0009270954761+0.003855020739j),(0.1527984887-0.2508974589j)
(4048000000+0j),(0.04270757735-0.5903366685j),(0.001476134523+0.003641087562j),(0.001316730049+0.003715015715j),(0.1316984445-0.2590331836j)
(4049000000+0j),(-0.01964209229-0.5819920949j),(0.001838917728+0.003509886563j),(0.001634351211+0.003560477402j),(0.1101493463-0.2649814537j)
(4050000000+0j),(-0.08176473528-0.5669166564j),(0.002105123131+0.00327668502j),(0.001988822129+0.003497575177j),(0.08840993792-0.2684698627j)
(4051000000+0j),(-0.1421196312-0.5455144714j),(0.002499987604+0.003176387632j),(0.002386881737+0.003279407276j),(0.06655208766-0.2699393953j)
(4052000000+0j),(-0.2007408589-0.517471932j),(0.002820776077+0.002911542077j),(0.002684477251+0.00305123697j),(0.04488120973-0.2689937906j)
(4053000000+0j),(-0.2564050555-0.4830381166j),(0.00304312841+0.002623079112j),(0.00299471058+0.002847598633j),(0.02365171723-0.2658977156j)
(4054000000+0j),(-0.3086853623-0.4424973461j),(0.003358502174+0.002341453452j),(0.003249084577+0.002563939663j),(0.00313984789-0.2606192822j)
(4055000000+0j),(-0.3564160466-0.3963656414j),(0.003588215681+0.001953396946j),(0.00348849548+0.002237710403j),(-0.01657071523-0.2531820645j)
(4056000000+0j),(-0.3991157711-0.3450550285j),(0.0037864896+0.001726453193j),(0.003751182463+0.001991786296j),(-0.03483256325-0.2438285063j)
(4057000000+0j),(-0.435975939-0.2892844847j),(0.00397406565+0.001344557852j),(0.00395153882+0.001546998508j),(-0.05182040483-0.2325825433j)
(4058000000+0j),(-0.4666046202-0.2295078955j),(0.004164505284+0.0009827015456j),(0.004193243571+0.001175689511j),(-0.06712023914-0.2199654395j)
(4059000000+0j),(-0.4904580116-0.166717014j),(0.004230936524+0.0005705939257j),(0.004267916083+0.0008208497311j),(-0.08081259578-0.2056877032j)
(4060000000+0j),(-0.5073310137-0.1016616789j),(0.004322548863+0.0001664596639j),(0.004332769662+0.0003558453172j),(-0.09250923991-0.190190411j)
(4061000000+0j),(-0.5169422626-0.03534913284j),(0.00433217641-0.0003190436109j),(0.004424353596-6.745352584e-05j),(-0.1019917876-0.1736484031j)
(4062000000+0j),(-0.5191299319+0.03123973806j),(0.004335490521-0.00072526437j),(0.004439516459-0.0004836200387j),(-0.1092631072-0.1564475735j)
(4063000000+0j),(-0.5140973926+0.09726809602j),(0.004257100169-0.001198070706j),(0.004399533384-0.000972396112j),(-0.1141760871-0.1389026614j)
(4064000000+0j),(-0.5019356012+0.1621940374j),(0.004151424393-0.001651245984j),(0.00431934651-0.001420019194j),(-0.1168691963-0.1212366486j)
(4065000000+0j),(-0.4830995202+0.2248370705j),(0.003986644559-0.00201997743j),(0.004156588111-0.001853398979j),(-0.1172002852-0.1036664663j)
(4066000000+0j),(-0.457401365+0.2850694739j),(0.003762604436-0.002505745506j),(0.003953875974-0.002293555764j),(-0.1152200401-0.08659247532j)
(4067000000+0j),(-0.4259551764+0.3409877696j),(0.003456873819-0.002866451629j),(0.003713256447-0.002764664358j),(-0.1110879183-0.07028509919j)
(4068000000+0j),(-0.3890345097+0.3932768123j),(0.003228048095-0.003276508301j),(0.003399285022-0.003135812702j),(-0.1047951803-0.05506056993j)
(4069000000+0j),(-0.3472770154+0.440686035j),(0.002833181759-0.003601735458j),(0.003189095762-0.003511636984j),(-0.09652238339-0.04097048592j)
(4070000000+0j),(-0.3014554381+0.4830647633j),(0.002466585953-0.003988041077j),(0.002688098466-0.003872443223j),(-0.08658844978-0.02851671639j)
(4071000000+0j),(-0.2521431744+0.5198669306j),(0.002074315213-0.004118134268j),(0.002312156139-0.004114589654j),(-0.0750034228-0.01791043231j)
(4072000000+0j),(-0.1998787075+0.5511739123j),(0.001566019026-0.004327585455j),(0.001859860145-0.004360644612j),(-0.06219986826-0.009300188643j)
(4073000000+0j),(-0.1456214488+0.5768186781j),(0.0009968089871-0.004506180063j),(0.001286627376-0.004510783125j),(-0.04834291339-0.002772838576j)
(4074000000+0j),(-0.08967225999+0.5965742476j),(0.0005386419944-0.004491596948j),(0.0007946407422-0.004638015293j),(-0.03367264941+0.00149899963j)
(4075000000+0j),(-0.03275298327+0.6105123344j),(4.595126302e-05-0.004588135518j),(0.000284558686-0.004575186409j),(-0.01858457737+0.003368598135j)
(4076000000+0j),(0.02512697503+0.6189630994j),(-0.0003588289546-0.004426270258j),(-0.0001667761098-0.004570380785j),(-0.003471958451+0.0028885755j)
(4077000000+0j),(0.08197270334+0.6215247403j),(-0.0008292105049-0.004271326587j),(-0.0006121187471-0.004445968196j),(0.01153455582-0.0001216204372j)
(4078000000+0j),(0.138310954+0.6188975218j),(-0.001224034233-0.00414016284j),(-0.001051022438-0.004344426095j),(0.02584842592-0.005481523915j)
(4079000000+0j),(0.1930618137+0.6110246185j),(-0.001636420726-0.003975069616j),(-0.001360698254-0.004148393869j),(0.03922863677-0.01326870164j)
(4080000000+0j),(0.2472963035+0.5982409763j),(-0.001944646938-0.003706337186j),(-0.001757069258-0.003923137207j),(0.05132166669-0.02298518038j)
(4081000000+0j),(0.298409909+0.5808972394j),(-0.002227923833-0.003483149223j),(-0.002115765354-0.003723961301j),(0.06201777607-0.03469436072j)
(4082000000+0j),(0.3478614092+0.5590341144j),(-0.00255880761-0.003189210547j),(-0.002455979818-0.003526404267j),(0.07080149651-0.0481952675j)
(4083000000+0j),(0.3943192959+0.5330376855j),(-0.002779266099-0.003004854778j),(-0.002729109954-0.003201745916j),(0.07755996287-0.06300623813j)
(4084000000+0j),(0.4379741549+0.5032673188j),(-0.00297375489-0.002665660111j),(-0.002955614356-0.002952903043j),(0.08223171532-0.07904826706j)
(4085000000+0j),(0.4781576097+0.4703743065j),(-0.003169923788-0.002481139963j),(-0.003181277541-0.002668298315j),(0.08447382599-0.09579398594j)
(4086000000+0j),(0.5154241323+0.4339167726j),(-0.003437367268-0.002122874605j),(-0.003475646256-0.002306982409j),(0.08442758769-0.1130928988j)
(4087000000+0j),(0.5489300489+0.3948502659j),(-0.003575653536-0.001858040574j),(-0.003642155556-0.002005528659j),(0.0819054693-0.1305370241j)
(4088000000+0j),(0.5788196325+0.3531831531j),(-0.003689510049-0.001416073181j),(-0.003726623254-0.00164967333j),(0.07702556998-0.1479238292j)
(4089000000+0j),(0.6045635343+0.30911281j),(-0.003811009927-0.001114445622j),(-0.003869240172-0.001256867079j),(0.06968651712-0.1647804902j)
(4090000000+0j),(0.6266357899+0.2633330583j),(-0.003880745964-0.000755106681j),(-0.003943680786-0.0009623431833j),(0.0600040704-0.1809738957j)
(4091000000+0j),(0.6444710493+0.2159411109j),(-0.003922753967-0.0004395517171j),(-0.004027316347-0.0006323864218j),(0.0483135432-0.1959664376j)
(4092000000+0j),(0.6581937671+0.1673648594j),(-0.003850287292-2.163059617e-05j),(-0.004081975669-0.0002073626383j),(0.03458292782-0.2098135753j)
(4093000000+0j),(0.6673893929+0.1181018991j),(-0.003901312826+0.0002309057891j),(-0.004002139438+0.0001325873454j),(0.01898976043-0.2222413052j)
(4094000000+0j),(0.6725644469+0.06785006288j),(-0.003796786768+0.0006483638426j),(-0.003965351731+0.000473487511j),(0.001684536343-0.2329708349j)
(4095000000+0j),(0.6733309627+0.01765451633j),(-0.003773107892+0.0009425249882j),(-0.003882429563+0.0007649167674j),(-0.0170640517-0.2417470321j)
(4096000000+0j),(0.6696982384-0.03264044418j),(-0.003710213816+0.001293721725j),(-0.003800344421+0.001124662813j),(-0.03708108887-0.2483944401j)
(4097000000+0j),(0.6616789103-0.08309883162j),(-0.003573612543+0.001494429074j),(-0.003728584386+0.001447545947j),(-0.05813317746-0.2528358013j)
(4098000000+0j),(0.6490557194-0.1326706536j),(-0.003398179775+0.001861618366j),(-0.003622143529+0.001768711256j),(-0.07986257225-0.2548203687j)
(4099000000+0j),(0.6322434545-0.1807516195j),(-0.003270255169+0.002151292283j),(-0.003406047123+0.002064475324j),(-0.1017313376-0.254542643j)
(4100000000+0j),(0.6110885143-0.2275093343j),(-0.003031525062+0.002444627928j),(-0.003232324962+0.002342248335j),(-0.1238932237-0.2519715549j)
(4101000000+0j),(0.5856534839-0.2722259367j),(-0.002872567158+0.002718493342j),(-0.003044901416+0.002604770474j),(-0.1459719092-0.246773855j)
(4102000000+0j),(0.555998683-0.3151874653j),(-0.002611132804+0.002883093664j),(-0.002842558548+0.002848556964j),(-0.1674305797-0.2394659427j)
(4103000000+0j),(0.5222617984-0.3554915553j),(-0.002432601061+0.003164745402j),(-0.002595506143+0.003104804782j),(-0.1882453114-0.2298115304j)
(4104000000+0j),(0.4847699106-0.3927843034j),(-0.002130521229+0.003373685526j),(-0.00235516089+0.003346935147j),(-0.2081743926-0.2178012273j)
(4105000000+0j),(0.4434242845-0.4267131744j),(-0.001907525118+0.003548049601j),(-0.002020436339+0.003590628505j),(-0.2267809659-0.2039176329j)
(4106000000+0j),(0.3987956047-0.4567228888j),(-0.001604666701+0.003687796183j),(-0.001738923136+0.003850474255j),(-0.244114697-0.1881500093j)
(4107000000+0j),(0.3508283198-0.4828322311j),(-0.001289216452+0.003916040994j),(-0.001313528977+0.004017604049j),(-0.2598258555-0.1706178981j)
(4108000000+0j),(0.2998807728-0.5044634264j),(-0.000908919319+0.004033709876j),(-0.0009653899469+0.004128074273j),(-0.2738676071-0.151092166j)
(4109000000+0j),(0.2470532656-0.5207567505j),(-0.0004870373232+0.004191271961j),(-0.0006216738839+0.004261396825j),(-0.2858126163-0.1306372483j)
(4110000000+0j),(0.1918383837-0.5319436205j),(-0.0001395418949+0.004197516479j),(-0.0001536484924+0.004332690034j),(-0.2956381142-0.1089890797j)
(4111000000+0j),(0.135097146-0.5378726445j),(0.000360753038+0.004233586136j),(0.0002219025046+0.004367704038j),(-0.3033328652-0.08653046115j)
(4112000000+0j),(0.07739663869-0.5376583095j),(0.0007270095521+0.004258835688j),(0.0006077635335+0.004339504056j),(-0.3087319434-0.06327870023j)
(4113000000+0j),(0.0195025485-0.5314399438j),(0.001118361251+0.004159695935j),(0.001047617407+0.004341603722j),(-0.3117986023-0.03955345899j)
(4114000000+0j),(-0.03816509619-0.5191985333j),(0.001464863541+0.004087371286j),(0.001520427642+0.004201390315j),(-0.3124819696-0.01578188717j)
(4115000000+0j),(-0.09477819502-0.5005528858j),(0.001882163226+0.003943919204j),(0.001952604158+0.00412300881j),(-0.3108796477+0.007856087363j)
(4116000000+0j),(-0.1492977291-0.4758345898j),(0.002281569177+0.003784567816j),(0.002316296799+0.003847335j),(-0.306679517+0.03127497496j)
(4117000000+0j),(-0.2013751268-0.4448933064j),(0.002635551151+0.003491545096j),(0.002743311925+0.003635046538j),(-0.300198555+0.05385809407j)
(4118000000+0j),(-0.250140667-0.4080250474j),(0.003016750095+0.003273802111j),(0.003088023514+0.003331874032j),(-0.2916190922+0.07551674893j)
(4119000000+0j),(-0.2947737873-0.3657066549j),(0.003333297558+0.002994099166j),(0.003440788947+0.00303498772j),(-0.281205982+0.09582583614j)
(4120000000+0j),(-0.3346992433-0.318348014j),(0.003582346486+0.002649574308j),(0.003694202518+0.002681781538j),(-0.2687206566+0.1150752269j)
(4121000000+0j),(-0.3691979349-0.2661869653j),(0.003828705987+0.002299838932j),(0.003886187682+0.002337166108j),(-0.2546752691+0.1327210689j)
(4122000000+0j),(-0.3974092901-0.2103706331j),(0.004058621824+0.002038912382j),(0.004060405772+0.001968873898j),(-0.2391041666+0.1485517783j)
(4123000000+0j),(-0.4191204309-0.1516477179j),(0.004302588757+0.00160401396j),(0.004283383954+0.001562937163j),(-0.2218417972+0.1628901134j)
(4124000000+0j),(-0.4339482486-0.09079021909j),(0.004398132674+0.001163496403j),(0.004389175214+0.001214723336j),(-0.2035367489+0.1750254176j)
(4125000000+0j),(-0.4415558279-0.02808650381j),(0.004609676544+0.0007588346489j),(0.004566838965+0.0008090249612j),(-0.1843813509+0.1847918972j)
(4126000000+0j),(-0.4417539835+0.03477163658j),(0.004729303997+0.0002957132237j),(0.004683393054+0.0002754232264j),(-0.164307043+0.1926103104j)
(4127000000+0j),(-0.4347827137+0.09684073267j),(0.004733838141-0.0002347669215j),(0.004757578019-0.0001046335674j),(-0.1441287398+0.1978900439j)
(4128000000+0j),(-0.4206426442+0.1573102778j),(0.004650186282-0.0007339202566j),(0.004692300688-0.0006568272947j),(-0.1236770526+0.2009394268j)
(4129000000+0j),(-0.3995844126+0.2156759461j),(0.004608816467-0.001237786375j),(0.004592484795-0.001093243482j),(-0.1034662202+0.2015785397j)
(4130000000+0j),(-0.3720287681+0.2707512538j),(0.004409526009-0.00172088691j),(0.004446145613-0.00158519682j),(-0.08367974311+0.1998783118j)
(4131000000+0j),(-0.3389484286+0.3217060875j),(0.004293180536-0.002094164724j),(0.004261248279-0.001987231895j),(-0.06448367983+0.19604644j)
(4132000000+0j),(-0.3003202975+0.3681186422j),(0.003984951414-0.002513367916j),(0.004032478202-0.002394358627j),(-0.04649596661+0.1898147695j)
(4133000000+0j),(-0.2568409741+0.4096795661j),(0.003762697103-0.002854145132j),(0.00381327467-0.002803407609j),(-0.02973261476+0.18184148j)
(4134000000+0j),(-0.2096699774+0.4454958667j),(0.003499506041-0.003296714975j),(0.00350621203-0.00318474113j),(-0.01445119362+0.171977384j)
(4135000000+0j),(-0.1593749225+0.47549154j),(0.003107401775-0.003694584128j),(0.003239865182-0.003486695234j),(-0.0009073081892+0.1605707679j)
(4136000000+0j),(-0.1068227589+0.4994333851j),(0.00274065393-0.003924239893j),(0.002784343436-0.003797646845j),(0.0106768785+0.1478087741j)
(4137000000+0j),(-0.05233534053+0.5172279035j),(0.002323040506-0.004136699252j),(0.002390047535-0.004030735698j),(0.02032360807+0.1340115847j)
(4138000000+0j),(0.002796165412+0.5288951624j),(0.001849238761-0.004395269789j),(0.001997660613-0.004324062262j),(0.02762751468+0.1195043782j)
(4139000000+0j),(0.05818168074+0.5344709719j),(0.001419816283-0.004481947515j),(0.001576673822-0.004399200436j),(0.03288501129+0.1044945736j)
(4140000000+0j),(0.1130994707+0.5340517068j),(0.0009065651102-0.004565054085j),(0.001091903658-0.004549989942j),(0.03582767025+0.08926025359j)
(4141000000+0j),(0.1672761142+0.527916527j),(0.0003891128872-0.004605697934j),(0.0006008911296-0.004584168084j),(0.03668316454+0.07400566793j)
(4142000000+0j),(0.2196588516+0.5163025132j),(1.033232456e-05-0.004565398674j),(0.0001766767673-0.004576664418j),(0.03520041332+0.059067854j)
(4143000000+0j),(0.2698241174+0.4996181697j),(-0.0004606136063-0.004544701893j),(-0.0002729610133-0.004563134164j),(0.0314608328+0.04479018395j)
(4144000000+0j),(0.3175815642+0.4780550031j),(-0.0009448752971-0.004453063477j),(-0.0007634772919-0.004578615539j),(0.02562586591+0.03146327177j)
(4145000000+0j),(0.3623655438+0.4520734635j),(-0.001385149313-0.004295955878j),(-0.001183168497-0.004324744456j),(0.01773479022+0.01937306438j)
(4146000000+0j),(0.4040399492+0.4221574003j),(-0.001747812727-0.004094200209j),(-0.001659794943-0.004200068302j),(0.008263920434+0.008810371346j)
(4147000000+0j),(0.4417819083+0.3885204749j),(-0.00209805998-0.003882492892j),(-0.00201717834-0.003975148313j),(-0.002819648944-6.942429071e-05j)
(4148000000+0j),(0.4760070145+0.3516518445j),(-0.002472207416-0.003524239874j),(-0.002340425039-0.003671350423j),(-0.01521897223-0.007072399412j)
(4149000000+0j),(0.5062850714+0.3120520054j),(-0.002591630677-0.003258723067j),(-0.002631728537-0.003473382443j),(-0.02849671803-0.01200405029j)
(4150000000+0j),(0.5321067572+0.2696524406j),(-0.002860533539-0.00303434371j),(-0.002868807875-0.003112223465j),(-0.04253773764-0.01478538146j)
(4151000000+0j),(0.5537176728+0.2254974599j),(-0.00314226863-0.002693498973j),(-0.003106453456-0.002780681942j),(-0.05709673837-0.01523913066j)
(4152000000+0j),(0.5709930658+0.1793549624j),(-0.003237113589-0.002350609982j),(-0.003234453965-0.002514850814j),(-0.07156609744-0.01349751525j)
(4153000000+0j),(0.5834002495+0.1323112155j),(-0.003373160493-0.002050213283j),(-0.003450531047-0.002323192777j),(-0.08590707928-0.009497010656j)
(4154000000+0j),(0.5912637115+0.08409897731j),(-0.003514243755-0.001815144322j),(-0.003568962915-0.001921469579j),(-0.09983027726-0.003431505091j)
(4155000000+0j),(0.5943042636+0.03558363466j),(-0.003602763871-0.001604559482j),(-0.003624924226-0.0016459279j),(-0.1128201634+0.004828788214j)
(4156000000+0j),(0.5928375721-0.01346800239j),(-0.003702193964-0.00131271861j),(-0.003837874392-0.00138147932j),(-0.124999702+0.01505045144j)
(4157000000+0j),(0.5865605474-0.06183618959j),(-0.003778648097-0.000963832892j),(-0.003880152712-0.001109672943j),(-0.1358329654+0.02715259211j)
(4158000000+0j),(0.5754890442-0.1091837122j),(-0.003905351274-0.0007435897132j),(-0.003899190808-0.0007580068777j),(-0.1453845054+0.04083493969j)
(4159000000+0j),(0.5597962737-0.1557300678j),(-0.003926573787-0.0004221714335j),(-0.004037274048-0.0004445829836j),(-0.153156817+0.05616544104j)
(4160000000+0j),(0.5396392345-0.2007733815j),(-0.00402703695-0.0001188733804j),(-0.00404912699-0.0001640032133j),(-0.1591074765+0.07302900369j)
(4161000000+0j),(0.5147884488-0.2437767708j),(-0.00394573668+0.0002016659128j),(-0.004087257199+0.000235066138j),(-0.1629736722+0.09071045352j)
(4162000000+0j),(0.4857874513-0.2840689457j),(-0.004048116971+0.0004741627781j),(-0.004135073163+0.0005728247343j),(-0.1645875424+0.1092957395j)
(4163000000+0j),(0.4524303079-0.3214538814j),(-0.00405701017+0.000828755321j),(-0.004169017542+0.0009394790395j),(-0.1638524681+0.1283667482j)
(4164000000+0j),(0.4149471223-0.3560343805j),(-0.004049549345+0.001193951583j),(-0.004108025692+0.0012839759j),(-0.1608286351+0.1477028924j)
(4165000000+0j),(0.3737994432-0.3865321829j),(-0.003993475344+0.001630813582j),(-0.004018014297+0.001707638614j),(-0.1554585099+0.1671154284j)
(4166000000+0j),(0.3292844594-0.4129172817j),(-0.003933042753+0.002019942272j),(-0.003904374549+0.002105914056j),(-0.147787407+0.1860894646j)
(4167000000+0j),(0.2814317942-0.4346726721j),(-0.003719301661+0.00236828113j),(-0.003722065128+0.002614719793j),(-0.1378120929+0.2043674463j)
(4168000000+0j),(0.2312627584-0.4512741665j),(-0.00350760622+0.002718236763j),(-0.003461774206+0.002879195148j),(-0.1255280077+0.2218104301j)
(4169000000+0j),(0.1788020879-0.4624359673j),(-0.003327344311+0.00305373501j),(-0.003124909941+0.003185344627j),(-0.1112909093+0.2381745373j)
(4170000000+0j),(0.1248502061-0.4678031275j),(-0.003006528132+0.003390563419j),(-0.002900156192+0.003546006046j),(-0.09510546178+0.2531463199j)
(4171000000+0j),(0.07039731741-0.4670556395j),(-0.002690663561+0.003661675844j),(-0.002597110346+0.003875870723j),(-0.07724685967+0.2663811462j)
(4172000000+0j),(0.01520349458-0.4600225675j),(-0.002399576828+0.003987164702j),(-0.00217583566+0.004081593826j),(-0.05787550658+0.2780723881j)
(4173000000+0j),(-0.03930096328-0.4464466189j),(-0.002023987006+0.004311906639j),(-0.001767229172+0.004323306959j),(-0.03667698428+0.2877920931j)
(4174000000+0j),(-0.09222558886-0.4264904944j),(-0.001608776511+0.004518636037j),(-0.001331689768+0.004500857554j),(-0.01446521375+0.2953915746j)
(4175000000+0j),(-0.143124491-0.4000760526j),(-0.001192247495+0.004654237069j),(-0.0009681752417+0.00463934429j),(0.008288132027+0.300713554j)
(4176000000+0j),(-0.1910712421-0.3673544747j),(-0.0007086014375+0.004781600088j),(-0.0005883581471+0.004764591344j),(0.03195716441+0.3038939005j)
(4177000000+0j),(-0.2348716557-0.3288302787j),(-0.0003422863083+0.004908149596j),(-0.0001146297727+0.004826371558j),(0.05599655956+0.3046714102j)
(4178000000+0j),(-0.2739537656-0.2849911812j),(0.0001783077314+0.004978992045j),(0.0003494639241+0.004847723059j),(0.08042694628+0.3029575988j)
(4179000000+0j),(-0.3077782393-0.2358675983j),(0.0006617993349+0.005076423287j),(0.0007876695599+0.004900982603j),(0.1047928333+0.2989422347j)
(4180000000+0j),(-0.3353362978-0.1826573008j),(0.001220867038+0.005041510332j),(0.00131557195+0.004912177101j),(0.128753677+0.2920591719j)
(4181000000+0j),(-0.3559316397-0.1263143549j),(0.001740460168+0.004974333569j),(0.001852442743+0.004798145499j),(0.1523760557+0.282949792j)
(4182000000+0j),(-0.3693553209-0.06769839234j),(0.002256611828+0.004908774979j),(0.00242271903+0.004611046985j),(0.17472139+0.2714871945j)
(4183000000+0j),(-0.3751533628-0.007614246691j),(0.002843305701+0.004578496795j),(0.002920500701+0.004268125631j),(0.1958299279+0.2579155055j)
(4184000000+0j),(-0.3735149205+0.05250367831j),(0.003395188367+0.004257394467j),(0.003460450331+0.004041277338j),(0.2156641632+0.2423077984j)
(4185000000+0j),(-0.3640430272+0.1120440857j),(0.00387764303+0.003904598998j),(0.003761496628+0.003694973188j),(0.2339125425+0.2248352303j)
(4186000000+0j),(-0.3471834362+0.1696059507j),(0.004274464212+0.003438602434j),(0.004262062721+0.003279569326j),(0.2505539358+0.2055037086j)
(4187000000+0j),(-0.3233382106+0.2247323877j),(0.004680628423+0.003037835937j),(0.004658463877+0.002738744952j),(0.2648078501+0.1847650181j)
(4188000000+0j),(-0.2926888764+0.2760414409j),(0.005026758183+0.002429263666j),(0.00488454802+0.00226272922j),(0.2771871686+0.1626639276j)
(4189000000+0j),(-0.2562726736+0.3226697323j),(0.005308813415+0.00187644246j),(0.005141173024+0.001712961704j),(0.2871460617+0.1394965066j)
(4190000000+0j),(-0.2149243653+0.3639433154j),(0.005519742612+0.001213574316j),(0.005263817962+0.001101197558j),(0.2946920395+0.1154650791j)
(4191000000+0j),(-0.1690868735+0.3996389186j),(0.005591211841+0.0005867296131j),(0.005373354536+0.0005481731496j),(0.2995226085+0.09127326832j)
(4192000000+0j),(-0.1190239489+0.4293952232j),(0.005552484654-5.969477206e-05j),(0.005352713168-0.0001510478614j),(0.3020539582+0.06682473031j)
(4193000000+0j),(-0.06641937047+0.452487557j),(0.005511884112-0.0007000464248j),(0.005322508514-0.0007500767824j),(0.30212906+0.04244032229j)
(4194000000+0j),(-0.01254812907+0.4689655817j),(0.005287794862-0.001342325006j),(0.005211010575-0.00129543012j),(0.2996591926+0.0182389508j)
(4195000000+0j),(0.04250415787+0.4786518593j),(0.005109117366-0.00184364384j),(0.004933274817-0.001803346793j),(0.2948229611-0.005257930463j)
(4196000000+0j),(0.09808497131+0.4820021305j),(0.00464726612-0.002409060486j),(0.00452903565-0.00234797271j),(0.2875561416-0.02785360573j)
(4197000000+0j),(0.1529341638+0.4787146771j),(0.004347892944-0.002820721595j),(0.004269431345-0.002776220441j),(0.277924329-0.04903931785j)
(4198000000+0j),(0.2068868876+0.4693357838j),(0.003968924284-0.003187153023j),(0.003924218472-0.003113497514j),(0.266215086-0.06884239719j)
(4199000000+0j),(0.258271426+0.4540654098j),(0.003525636392-0.003468386829j),(0.003522121813-0.003384706099j),(0.2527419627-0.08686270342j)
(4200000000+0j),(0.3075148165+0.4334310322j),(0.003204761771-0.00382189895j),(0.003186198184-0.003753706347j),(0.2378066778-0.1029216704j)
