X_value,Y_value,Z_value
59.558651026392965,7.401930455667601e-15,-14.999999999999986
59.053885630498534,7.463746388307847e-15,-16.999999999999986
58.42448680351906,7.540825514192598e-15,-18.999999999999986
57.73277126099707,7.625536236699602e-15,-20.999999999999986
57.047287390029325,7.70948379954438e-15,-22.999999999999986
56.2434017595308,7.807931395971438e-15,-24.999999999999986
55.43328445747801,7.907142152060722e-15,-26.999999999999986
54.510997067448685,8.020089782070059e-15,-28.999999999999986
53.45784457478007,8.149063764986128e-15,-30.999999999999986
52.417155425219946,8.276511428577746e-15,-32.999999999999986
51.10850439882698,8.43677495764505e-15,-34.999999999999986
49.8684017595308,8.588643730427876e-15,-36.999999999999986
48.42888563049854,8.76493361240191e-15,-38.999999999999986
46.958211143695024,8.945039292687071e-15,-40.999999999999986
45.33797653958945,9.143460804865637e-15,-42.999999999999986
43.50586510263929,9.367829745559865e-15,-44.999999999999986
41.64882697947215,9.59525132490299e-15,-46.999999999999986
39.455278592375365,9.863883526006281e-15,-48.99999999999998
37.1184017595308,1.015006839934075e-14,-50.99999999999998
34.588343108504404,1.0459911222204206e-14,-52.99999999999998
31.890029325513197,1.0790359355947742e-14,-54.99999999999998
28.95491202346041,1.1149807556855839e-14,-56.99999999999998
25.259530791788848,1.1602361236555417e-14,-58.99999999999998
21.508064516129025,1.206178335321502e-14,-60.99999999999998
15.33870967741936,1.2817311418818023e-14,-62.99999999999998
6.576979472140749,1.3890313903906737e-14,-64.99999999999997
1.5293255131964827,1.4508473230309194e-14,-66.99999999999997
-0.5458211143695024,1.4762605397830203e-14,-68.99999999999997
58.426472110824406,11.62174788520562,-14.999999999999995
58.0536442751286,11.547587817782334,-16.999999999999996
57.43633917012408,11.424798197950336,-18.999999999999996
56.819034065119546,11.302008578118336,-20.999999999999996
56.14672157452056,11.168277308994378,-22.999999999999996
55.35217044926721,11.010231263666062,-24.999999999999996
54.51483580188483,10.843675046666222,-26.999999999999993
53.64082956410614,10.669824396805074,-28.999999999999993
52.59568923781136,10.461933060257829,-30.999999999999993
51.5933324336456,10.26255189538211,-32.99999999999999
50.33427449670566,10.012109700477238,-34.99999999999999
49.148559740558355,9.776256371294984,-36.99999999999999
47.70003191990416,9.488126273273362,-38.99999999999999
46.233168304051844,9.196348958821089,-40.99999999999999
44.68684957567416,8.888767039835983,-42.99999999999999
42.96328482704767,8.545928695354561,-44.99999999999999
41.05025019470692,8.165402447756387,-46.99999999999999
38.9477456786519,7.747188297041461,-48.99999999999999
36.73522639140795,7.307090847742611,-50.99999999999999
34.21099858579538,6.804990719122657,-52.99999999999999
31.38728612527963,6.243319388802028,-54.99999999999999
28.410775371445922,5.651254588225953,-56.99999999999999
24.706944741418766,4.91451686923396,-58.99999999999999
21.210919790304033,4.219114269789372,-60.99999999999999
15.202890897042153,3.024043019345264,-62.99999999999999
6.847880218416549,1.3621280657775188,-64.99999999999999
1.6649621090716238,0.33118155471281696,-66.99999999999999
-0.6209003589649456,-0.12350476030864499,-68.99999999999999
55.26682584696368,22.892268815124265,-14.999999999999988
54.88684313601146,22.734874822780558,-16.999999999999986
54.322626383385426,22.501168591724753,-18.999999999999986
53.718108434143254,22.250769058450672,-20.999999999999986
53.12510511250569,22.0051390400961,-22.999999999999986
52.33635312158972,21.678427268109925,-24.999999999999986
51.62820352390602,21.38510210056029,-26.999999999999986
50.77612108116469,21.03215799651683,-28.999999999999986
49.83192161758643,20.641057773117314,-30.999999999999986
48.78984781936897,20.209416672901998,-32.999999999999986
47.655657000314605,19.739619453330633,-34.999999999999986
46.45813572943487,19.24358990170198,-36.999999999999986
45.18576937912516,18.71655850309654,-38.999999999999986
43.79249943896701,18.139447197836287,-40.999999999999986
42.2552966537512,17.5027169560822,-42.999999999999986
40.608704906291564,16.820676322592806,-44.999999999999986
38.9218119622158,16.12194238688514,-46.999999999999986
36.929781386617776,15.296816305810559,-48.999999999999986
34.83987647638057,14.43114934792018,-50.999999999999986
32.525436327853384,13.472476849099415,-52.99999999999998
29.854042723583206,12.365949387773966,-54.99999999999998
27.084774784673826,11.218881049632714,-56.99999999999998
23.47493903062771,9.723638122367504,-58.99999999999998
19.784500883349295,8.19500859066575,-60.99999999999998
14.470500243820482,5.993877455313616,-62.99999999999998
6.266328075533863,2.5955980751654124,-64.99999999999997
1.6489624060841237,0.6830225924434004,-66.99999999999997
-0.5503314663969121,-0.22795475718228886,-68.99999999999997
49.92536122961199,33.359059864031124,-14.999999999999995
49.59374871561449,33.13748346611128,-16.999999999999993
49.08078560802462,32.794732475579025,-18.999999999999993
48.56264105490353,32.44851935382927,-20.999999999999993
48.039315056251226,32.098844100862024,-22.999999999999993
47.32945701847534,31.624532124064864,-24.999999999999993
46.67141343601156,31.18484145944268,-26.999999999999993
45.84756359654903,30.634362595860573,-28.999999999999993
44.98744363836803,30.059648813755985,-30.999999999999993
44.15841235337428,29.50570781895638,-32.99999999999999
43.17393770244421,28.847902887631847,-34.99999999999999
42.13764859620205,28.15547664413235,-36.99999999999999
40.961460460617175,27.36957285776041,-38.99999999999999
39.728276424188984,26.545585627995997,-40.99999999999999
38.35001191288689,25.62465872414166,-42.99999999999999
36.862937045429376,24.631027064719873,-44.99999999999999
35.26705182181642,23.564690649730636,-46.99999999999999
33.53644901439199,22.408338823086467,-48.99999999999999
31.645221395500016,21.14466092869987,-50.99999999999999
29.5415545098284,19.73903565439587,-52.99999999999999
27.137363783346558,18.13260676947702,-54.99999999999999
24.696902938146238,16.501942966035692,-56.99999999999999
21.74866043088724,14.5319903032796,-58.99999999999999
18.266729033913535,12.205438125121269,-60.99999999999999
13.536069263918009,9.04451232354603,-62.99999999999999
6.323497084472464,4.225225668789484,-64.99999999999999
1.7430992348820524,1.164701672521673,-66.99999999999999
-0.27248307675898786,-0.18206737108486948,-68.99999999999999
42.695978371351956,42.695978371351934,-14.999999999999986
42.369900537505664,42.36990053750564,-16.999999999999986
41.97772584544729,41.97772584544727,-18.999999999999986
41.54589303846166,41.545893038461635,-20.999999999999986
41.10084085983362,41.100840859833596,-22.999999999999986
40.519188507567264,40.51918850756724,-24.999999999999986
39.88025221151711,39.88025221151709,-26.999999999999986
39.250128829895225,39.2501288298952,-28.999999999999982
38.536282761204696,38.536282761204674,-30.999999999999982
37.77837212037279,37.778372120372765,-32.999999999999986
36.870641934260135,36.870641934260114,-34.999999999999986
35.932066547648525,35.932066547648496,-36.999999999999986
34.97145887496621,34.97145887496619,-38.999999999999986
33.896283314716285,33.896283314716264,-40.99999999999998
32.728572152969434,32.72857215296941,-42.99999999999998
31.46391893251154,31.46391893251151,-44.99999999999998
30.111136567770842,30.11113656777082,-46.99999999999998
28.617347572177714,28.617347572177685,-48.99999999999998
27.057461718372494,27.057461718372473,-50.99999999999998
23.228250399285663,23.228250399285635,-54.99999999999998
21.23653173849482,21.23653173849479,-56.99999999999998
18.548592837870004,18.548592837869975,-58.99999999999998
15.803369993461374,15.803369993461345,-60.99999999999998
11.982971588802826,11.982971588802798,-62.99999999999997
5.72139588751125,5.721395887511221,-64.99999999999997
1.73795856592956,1.7379585659295316,-66.99999999999997
0.1824791693384782,0.18247916933844976,-68.99999999999997
33.63949249264843,50.34505831764007,-14.999999999999998
33.41445396351109,50.00826435811136,-17.0
33.05785444810885,49.47457546839664,-19.0
32.71856558879409,48.966793806337975,-21.0
32.41043591043681,48.505645154060204,-23.0
31.939586064857153,47.80096856181553,-25.0
31.465274088059992,47.09111052403964,-27.0
30.956340799087855,46.329438030951636,-28.999999999999996
30.37816488576577,45.46413662723943,-30.999999999999996
29.817299628531174,44.624742451183266,-33.0
29.114486991379174,43.57290900834745,-35.0
28.373590910834707,42.46407966466833,-37.0
27.61192204298525,41.32416164780194,-39.0
26.79139694443834,40.09615905690495,-41.0
25.89816709032398,38.75934610985256,-43.0
24.880300512379705,37.23600112367655,-45.0
23.855509672000444,35.70229324643813,-47.0
22.67146079561629,33.930238874764015,-49.0
21.473563394362152,32.13745872096506,-51.0
20.016006151795693,29.956070152325267,-53.0
18.44419857905182,27.603693881155536,-55.0
16.851618219002965,25.220228936798534,-57.0
14.864354900159384,22.24607920188349,-59.0
12.610507477568497,18.8729581610652,-61.0
9.65038528660812,14.442822231879916,-63.0
4.9245761747240095,7.370149081777072,-65.0
1.3932023328765268,2.085074639941965,-67.0
0.39957067345474684,0.5979997724844424,-69.0
23.221365344570188,56.061335151681966,-14.999999999999996
23.068740867145987,55.69286706833436,-16.999999999999996
22.870805997986476,55.21501002274293,-18.999999999999996
22.63471500947092,54.645035956314594,-20.999999999999996
22.372391688898073,54.01173143806089,-22.999999999999996
22.062373219130166,53.26328064376106,-24.999999999999996
21.766663294120782,52.549373732275065,-26.999999999999996
21.41610394753707,51.70304860333603,-28.999999999999996
21.005925664459532,50.71279062933932,-30.999999999999996
20.6005168963015,49.73404728294723,-32.99999999999999
20.135489191649643,48.61137109149749,-34.99999999999999
19.665691972078275,47.47718027244312,-36.99999999999999
19.131506301093577,46.18754198072649,-38.99999999999999
18.5400864510748,44.75972815775451,-40.99999999999999
17.93197329883775,43.29161313816637,-42.99999999999999
17.27378023994589,41.702594528729804,-44.99999999999999
16.55119872964069,39.95812844663095,-46.99999999999999
15.7213031336466,37.95458324342833,-48.99999999999999
14.862790448135478,35.881950274598026,-50.99999999999999
13.904117949314724,33.56751012607086,-52.99999999999999
12.871517969241609,31.074593249672162,-54.99999999999999
11.710141086341835,28.270781427948947,-56.99999999999999
10.310288457466754,24.891238225995096,-58.99999999999999
8.707731444512653,21.022323350845184,-60.99999999999999
6.745076055135826,16.28405409154702,-62.99999999999999
3.6711236895140473,8.862876600374065,-65.0
1.1885911739110426,2.8695129321731088,-67.0
0.373004122675475,0.9005116117843244,-69.0
11.87462155773096,59.69775391122977,-14.999999999999984
11.772499497672664,59.184351645681446,-16.999999999999982
11.667945959993931,58.65872551666769,-18.999999999999982
11.567039638745854,58.15143518285209,-20.999999999999982
11.432092630811676,57.47301076052038,-22.999999999999982
11.263104936191402,56.623452249672575,-24.999999999999982
11.111137584914175,55.85946078308281,-26.999999999999982
10.943365629104118,55.016014203967714,-28.999999999999982
10.734258553746654,53.964761945940204,-30.999999999999982
10.52758295600963,52.925733551378144,-32.99999999999998
10.289298149206939,51.7277949317654,-34.99999999999998
10.057092036455336,50.56041597081624,-36.99999999999998
9.78962949820742,49.21579098961827,-38.99999999999998
9.477184623981442,47.64502453430971,-40.99999999999998
9.180544354288298,46.153713191526506,-42.99999999999998
8.838921748617093,44.436260374632724,-44.99999999999998
8.472984366741533,42.59656892308459,-46.99999999999998
8.058417432457261,40.512400202227724,-48.99999999999998
7.629261632450374,38.35488830057824,-50.99999999999998
7.147829063604121,35.93456333442188,-52.99999999999998
6.610472509487849,33.23308950856048,-54.99999999999998
6.013544753670907,30.232131027795916,-56.99999999999998
5.309631982554798,26.69332255455214,-58.99999999999997
4.564384091891281,22.94670840239597,-60.99999999999997
3.4860237672280867,17.52542495547503,-62.99999999999997
1.9165049632368927,9.634921088535975,-64.99999999999997
0.6521366006103726,3.2785120865091812,-66.99999999999997
0.3299658159026535,1.6588501773388913,-68.99999999999997
2.0483512184917627e-14,60.842375366568916,-14.999999999999988
2.0577604400201104e-14,60.41862170087977,-16.999999999999986
2.068968483311231e-14,59.91385630498534,-18.999999999999986
2.0988565987542195e-14,58.56781524926686,-22.999999999999986
2.1164297036674577e-14,57.77639296187683,-24.999999999999986
2.132895841342067e-14,57.03482404692082,-26.999999999999986
2.153651477066364e-14,56.10007331378299,-28.999999999999986
2.178143127221035e-14,54.997067448680355,-30.999999999999986
2.199452246564647e-14,54.03739002932551,-32.999999999999986
2.2267113148158906e-14,52.80975073313783,-34.999999999999986
2.2541087539719627e-14,51.5758797653959,-36.999999999999986
2.2853805784632372e-14,50.1675219941349,-38.999999999999986
2.3192814501462562e-14,48.64076246334311,-40.999999999999986
2.3520753545906464e-14,47.16385630498533,-42.999999999999986
2.3920645460861254e-14,45.36290322580646,-44.999999999999986
2.435097897487835e-14,43.424853372434015,-46.999999999999986
2.4820056342247472e-14,41.31231671554252,-48.999999999999986
2.5286366291520016e-14,39.21224340175954,-50.99999999999998
2.58509195832209e-14,36.669721407624635,-52.99999999999998
2.6479123491142968e-14,33.84054252199414,-54.99999999999998
2.7159908342899918e-14,30.77456011730206,-56.99999999999998
2.7920948319457487e-14,27.34714076246334,-58.99999999999998
2.888539352611317e-14,23.003665689149557,-60.99999999999998
3.0036639454287524e-14,17.818914956011724,-62.99999999999998
3.180917074514251e-14,9.836143695014655,-64.99999999999997
3.32233213924913e-14,3.467375366568916,-66.99999999999997
3.357755090885264e-14,1.8720674486803546,-68.99999999999997
-11.875837296541146,59.70386584296247,-15.0
-11.790735579825899,59.276030621672206,-17.0
-11.688613519767603,58.762628356123884,-19.0
-11.562176683504951,58.1269874559212,-21.0
-11.427229675570775,57.4485630335895,-23.0
-11.271615107862894,56.66623577180158,-25.0
-11.11843201777545,55.896132373479105,-27.0
-10.945797106724523,55.02823806743314,-29.0
-10.735474292556841,53.970873877672915,-31.0
-10.533661650060685,52.95629321004172,-33.0
-10.288082410396687,51.721683000032655,-35.0
-10.058307775265522,50.56652790254894,-37.0
-9.787198020586949,49.20356712615282,-39.0
-9.483263318032497,47.67558419297329,-41.0
-9.17689713785761,46.13537739632834,-43.0
-8.820685666463792,44.344581398641935,-45.0
-8.466905672690409,42.566009264420984,-47.0
-8.03896561149374,40.41460929450422,-49.0
-7.6025153786255455,38.22042580245842,-51.0
-7.124730026209949,35.81843663150022,-53.0
-6.581294778042587,33.08640314697523,-55.0
-5.9880142386562945,30.103780461408803,-57.0
-5.265865385386917,26.47329301217428,-59.0
-4.468340725884033,22.46386579551121,-61.0
-3.451983080541943,17.35429086695889,-63.0
-1.821677336039862,9.158190413383963,-65.0
-0.7019818918292557,3.5291012875506027,-67.0
-0.346986159245656,1.744417221596919,-69.0
-23.207056799811653,56.02679126886813,-15.0
-23.04966280746795,55.64680855791591,-17.0
-22.8588822106877,55.186223453731394,-19.0
-22.615636949792876,54.59897744589614,-21.0
-22.35092887176028,53.95991561384013,-23.0
-22.048064674371634,53.22873676094722,-25.0
-21.754739506822002,52.520587163263535,-27.0
-21.40418016023829,51.67426203432449,-29.0
-21.003540906999767,50.70703331553702,-31.0
-20.600516896301485,49.73404728294723,-33.0
-20.123565404350863,48.58258452248596,-35.0
-19.66807672953802,47.482937586245434,-37.0
-19.129121543633804,46.18178466692417,-39.0
-18.53293217869553,44.74245621634759,-41.0
-17.94628184359626,43.32615702098022,-43.0
-17.247547907888592,41.63926407690444,-45.0
-16.529735912502893,39.9063126224102,-47.0
-15.711764103807578,37.93155398821911,-49.0
-14.841327630997682,35.83013445037726,-51.0
-13.913656979153714,33.59053938128008,-53.0
-12.828592334966046,30.97096160123067,-55.0
-11.691063026663805,28.224722917530514,-57.0
-10.317442729846,24.908510167402028,-59.0
-8.69819241467362,20.99929409563596,-61.0
-6.826157808767427,16.47980276082545,-63.0
-3.628198055238471,8.759244951932544,-65.0
-1.3197528341974518,3.1861651912999633,-67.0
-0.7116396819603992,1.7180501717118233,-69.0
-33.57717413073345,50.2517922980783,-14.999999999999993
-33.372908388901095,49.94608701173686,-16.999999999999993
-33.04746805445633,49.45903113180304,-18.999999999999993
-32.659709358096606,48.878709232307415,-20.999999999999993
-32.341193286086835,48.402016243436016,-22.999999999999993
-31.90150262146465,47.74397266097224,-24.999999999999993
-31.44450130075498,47.0600218508524,-26.999999999999993
-30.907870962042857,46.25689779351471,-28.999999999999993
-30.34700570480826,45.41750361745856,-30.999999999999993
-29.80691323487865,44.60919811458966,-32.99999999999999
-29.11102486016165,43.56772756281628,-34.99999999999999
-28.377053042052175,42.46926111019957,-36.99999999999999
-27.63615696150771,41.36043176652044,-38.99999999999999
-26.82601825661328,40.14797351221709,-40.99999999999999
-25.925864140063936,38.80079767410227,-42.99999999999999
-24.86645198750969,37.215275341551745,-44.99999999999999
-23.86589606565291,35.71783758303181,-46.99999999999999
-22.699157845356247,33.97169043901373,-48.99999999999999
-21.466639131927124,32.12709582990266,-50.99999999999999
-20.050627463970642,30.007884607637408,-52.99999999999999
-18.485744153661763,27.665871227530104,-54.99999999999999
-16.88970166239541,25.27722483764188,-56.99999999999999
-14.84358211285437,22.214990528696248,-58.99999999999999
-12.60012108391598,18.857413824471607,-60.999999999999986
-9.681544467565566,14.489455241660835,-62.999999999999986
-5.253478640386241,7.862386407242113,-64.99999999999999
-1.8848249657611689,2.820839905373944,-66.99999999999999
-1.046989211126757,1.5669300868209177,-68.99999999999999
-42.25533264993803,42.25533264993805,-16.99999999999998
-41.88959670116449,41.88959670116451,-18.99999999999998
-41.45776389417887,41.45776389417888,-20.99999999999998
-40.951021314552875,40.95102131455289,-22.99999999999998
-40.38699479114308,40.386994791143096,-24.99999999999998
-39.867032839874675,39.86703283987469,-26.99999999999998
-39.21487717218209,39.214877172182106,-28.99999999999998
-38.434934245279486,38.4349342452795,-30.99999999999998
-37.73430754823137,37.734307548231385,-32.99999999999998
-36.86623547704599,36.866235477046004,-34.99999999999998
-35.96731820536163,35.96731820536164,-36.99999999999998
-34.936207217253084,34.9362072172531,-38.99999999999998
-33.89187685750214,33.891876857502155,-40.99999999999998
-32.763823810682545,32.76382381068256,-42.99999999999998
-31.4947641330105,31.494764133010513,-44.99999999999997
-30.159607597126367,30.15960759712638,-46.99999999999997
-28.72310254531704,28.723102545317055,-48.99999999999997
-27.149997319869392,27.149997319869406,-50.99999999999997
-25.369788605357222,25.369788605357236,-52.99999999999997
-23.41332160227949,23.413321602279503,-54.99999999999997
-21.30262859670689,21.302628596706903,-56.99999999999997
-18.777728613005223,18.777728613005237,-58.99999999999997
-15.794557079033098,15.794557079033112,-60.999999999999964
-12.247359021651164,12.247359021651178,-62.999999999999964
-6.646751902480446,6.64675190248046,-64.99999999999996
-2.3901142336221284,2.3901142336221426,-66.99999999999996
-1.2973128445156448,1.297312844515659,-68.99999999999996
-49.88390966536231,33.33136281429115,-14.999999999999993
-49.57302293348967,33.1236349412413,-16.999999999999993
-49.060059825899785,32.78088395070904,-18.999999999999993
-48.5419152727787,32.43467082895929,-20.999999999999993
-47.977137709876715,32.05729852625206,-22.999999999999993
-47.34500135506898,31.63491851771736,-24.999999999999993
-46.66623199048036,31.181379328225184,-26.999999999999993
-45.87865226973631,30.655135383165558,-28.999999999999993
-45.02371375708652,30.083883732278473,-30.999999999999993
-44.18950102656157,29.52648060626138,-32.99999999999999
-43.13766758372575,28.823667969109373,-34.99999999999999
-42.05474546770268,28.100082544652395,-36.99999999999999
-40.925190341898706,27.345337939237936,-38.99999999999999
-39.69200630547052,26.521350709473523,-40.99999999999999
-38.36037480394933,25.631582986576667,-42.99999999999999
-36.84221126330454,24.61717853984989,-44.99999999999999
-35.344773504784584,23.6166226179931,-46.99999999999999
-33.583082024172896,22.439498004043948,-48.99999999999999
-31.826571989092415,21.26583552131229,-50.99999999999999
-29.696997875764737,19.84289959092081,-52.99999999999999
-27.266899921626845,18.21916004991447,-54.99999999999999
-24.831620521957717,16.59195837769063,-56.99999999999999
-21.904103796823577,14.635854239804537,-58.99999999999999
-18.525801310474094,12.378544685996154,-60.999999999999986
-14.287378865943595,9.546521350083182,-62.999999999999986
-7.836479179586064,5.236167984298774,-64.99999999999999
-2.618763529656704,1.7498018482787643,-66.99999999999999
-1.411486720884568,0.9431252746018544,-68.99999999999999
-55.186223453731394,22.858882210687717,-14.999999999999993
-54.84078462559301,22.715796763102528,-16.999999999999993
-54.305354441978515,22.49401431934549,-18.999999999999993
-53.74689500315479,22.262692845749434,-20.999999999999993
-53.10783317109878,21.997984767716837,-22.999999999999993
-52.37665431820587,21.69512057032819,-24.999999999999993
-51.69153397573141,21.41133443261757,-26.999999999999993
-50.83945153299006,21.058390328574106,-28.999999999999993
-49.77434847956337,20.617210198519775,-30.999999999999993
-48.83014901598513,20.226109975120266,-32.99999999999999
-47.74777402115153,19.777775572686675,-34.99999999999999
-46.56176737787641,19.286515535977532,-36.99999999999999
-45.26061445855517,18.74756035007333,-38.99999999999999
-43.84431526318778,18.160910014974053,-40.99999999999999
-42.36468561599504,17.548027347817502,-42.99999999999999
-40.76990969275616,16.887449531465883,-44.99999999999999
-39.06574480727346,16.181561323378958,-46.99999999999999
-37.108258114489274,15.370743787062892,-48.99999999999999
-35.05865440086821,14.521770131390781,-50.99999999999999
-32.77875813515486,13.577406177328541,-52.99999999999999
-30.14190841369853,12.485187260761606,-54.99999999999999
-27.464757495626046,11.376275041976399,-56.99999999999999
-20.38901883259149,8.445408123939806,-60.999999999999986
-15.852255556374047,6.566219245654345,-62.999999999999986
-8.338961044364183,3.454110760676514,-64.99999999999999
-2.644977693883149,1.0955856329806721,-66.99999999999999
-1.4416991092011102,0.5971713238922689,-68.99999999999999
-58.40202438389353,11.616884929964804,-14.999999999999993
-57.943629503939675,11.525704519198468,-16.999999999999993
-57.40577951146049,11.418719503899302,-18.999999999999993
-56.806810201654116,11.299577100497956,-20.999999999999993
-56.2261766870459,11.184081913527264,-22.999999999999993
-55.40717783486168,11.021172912958077,-24.999999999999993
-54.575955119212026,10.855832434768457,-26.999999999999993
-53.66527729103703,10.674687352046002,-28.999999999999993
-52.6445846916731,10.471658970739627,-30.999999999999993
-51.685011409636374,10.280787977535432,-32.99999999999999
-50.456513131360026,10.03642447668165,-34.99999999999999
-49.18523133095468,9.783550804156349,-36.99999999999999
-47.82838248629126,9.513656788287994,-38.99999999999999
-46.37374273390435,9.224310951456156,-40.99999999999999
-44.79075241513037,8.909434599609742,-42.99999999999999
-42.98773255397853,8.550791650595489,-44.99999999999999
-41.18471269282671,8.192148701581237,-46.99999999999999
-39.16777522102974,7.790954894209358,-48.99999999999999
-36.91247241165678,7.342347273238985,-50.99999999999999
-34.47381165030227,6.85726748796208,-52.99999999999999
-31.76622589270815,6.318695195035591,-54.99999999999999
-28.82638672927075,5.733924827320823,-56.99999999999999
-25.373145300285046,5.0470323995477635,-58.99999999999999
-21.32093456149296,4.240997568373356,-60.999999999999986
-16.3641579262586,3.255033393286709,-62.999999999999986
-8.614228489172064,1.7134765819305287,-64.99999999999999
-2.7284382305645636,0.5427201076907764,-66.99999999999999
-1.2615746147122167,0.2509427932385009,-68.99999999999999
-59.259530791788855,1.469576158976824e-14,-14.999999999999986
-58.86693548387097,1.469576158976824e-14,-16.999999999999986
-58.32478005865103,1.469576158976824e-14,-18.999999999999986
-57.6891495601173,1.469576158976824e-14,-20.999999999999986
-57.103372434017594,1.469576158976824e-14,-22.999999999999986
-56.29325513196481,1.469576158976824e-14,-24.999999999999986
-55.39589442815249,1.469576158976824e-14,-26.999999999999986
-54.467375366568916,1.469576158976824e-14,-28.999999999999986
-53.47030791788856,1.469576158976824e-14,-30.999999999999986
-52.442082111436946,1.469576158976824e-14,-32.999999999999986
-51.189516129032256,1.469576158976824e-14,-34.999999999999986
-49.8933284457478,1.469576158976824e-14,-36.999999999999986
-48.5098973607038,1.469576158976824e-14,-38.999999999999986
-47.07038123167155,1.469576158976824e-14,-40.999999999999986
-45.450146627565985,1.469576158976824e-14,-42.999999999999986
-43.630498533724335,1.469576158976824e-14,-44.999999999999986
-41.77969208211144,1.469576158976824e-14,-46.999999999999986
-39.61730205278593,1.469576158976824e-14,-48.99999999999998
-37.38636363636364,1.469576158976824e-14,-50.99999999999998
-32.07697947214076,1.469576158976824e-14,-54.99999999999998
-29.173020527859236,1.469576158976824e-14,-56.99999999999998
-25.55241935483872,1.469576158976824e-14,-58.99999999999998
-21.495601173020532,1.469576158976824e-14,-60.99999999999998
-16.398093841642236,1.469576158976824e-14,-62.99999999999998
-8.421554252199428,1.469576158976824e-14,-64.99999999999997
-2.5887096774193594,1.469576158976824e-14,-66.99999999999997
-0.9934017595307978,1.469576158976824e-14,-68.99999999999997
-58.16977097805025,-11.570686855176495,-14.999999999999993
-57.49745848745126,-11.436955586052537,-16.999999999999993
-57.03295167576468,-11.344559436475983,-18.999999999999993
-56.45843009288918,-11.230279988315509,-20.999999999999993
-55.82278919268651,-11.103843152052857,-22.999999999999993
-54.942671023175095,-10.928776763381492,-24.999999999999993
-54.1970153517835,-10.780456628534921,-26.999999999999993
-53.341344909202974,-10.610253195104427,-28.999999999999993
-52.332876173304484,-10.409656291418488,-30.999999999999993
-51.251064256613375,-10.194470522009935,-32.99999999999999
-50.08979722739696,-9.963480148068552,-34.99999999999999
-48.86741088085333,-9.72033238602499,-36.99999999999999
-47.5411216948535,-9.456517064207723,-38.99999999999999
-46.06814614726845,-9.163524010945233,-40.99999999999999
-44.50960355542533,-8.85351061433969,-42.99999999999999
-42.76159107986797,-8.505809314617396,-44.99999999999999
-40.90356383312168,-8.136224716311183,-46.99999999999999
-38.82550704399753,-7.72287352083713,-48.99999999999999
-36.69855480101164,-7.299796414881332,-50.99999999999999
-34.07653608767559,-6.778244465297892,-52.99999999999999
-31.423957715675925,-6.250613821663361,-54.99999999999999
-28.514678210902133,-5.671922147999684,-56.99999999999999
-25.024765191520103,-4.977735287365313,-58.99999999999999
-21.571523762534397,-4.290842859592253,-60.999999999999986
-16.296926677198698,-3.241660266374282,-62.999999999999986
-8.412534741992374,-1.6733572011933084,-64.99999999999999
-2.502296756454001,-0.4977377717126892,-66.99999999999999
-0.8642990520855562,-0.1719197705743163,-68.99999999999999
-54.59897744589615,-22.61563694979287,-14.999999999999993
-54.10960577270011,-22.412932565713852,-16.999999999999993
-53.59720484429484,-22.200689151795824,-18.999999999999993
-52.986929581250365,-21.947904861061993,-20.999999999999993
-52.41695551482203,-21.711813872546433,-22.999999999999993
-51.71456323094064,-21.420873462456548,-24.999999999999993
-50.97186975044312,-21.1132397501484,-26.999999999999993
-50.09100073869024,-20.74837185880617,-28.999999999999993
-49.152558588914296,-20.35965639286641,-30.999999999999993
-48.2544176357545,-19.987634229144923,-32.99999999999999
-47.13174144430475,-19.52260652449306,-34.99999999999999
-45.87088972159965,-19.00034464080713,-36.99999999999999
-44.64458188170839,-18.492391301879714,-38.99999999999999
-43.435545983224046,-17.991592235331552,-40.99999999999999
-41.967430963635906,-17.383479083094503,-42.99999999999999
-40.26326607815322,-16.677590875007585,-44.99999999999999
-38.53031462365898,-15.959778879621886,-46.99999999999999
-36.647673010304786,-15.17996319028261,-48.99999999999999
-34.517466903451435,-14.297602930173962,-50.99999999999999
-32.13393898929657,-13.310313341836164,-52.99999999999999
-29.456788071224082,-12.201401123050957,-54.99999999999999
-26.819938349767753,-11.109182206484029,-56.99999999999999
-23.52675485484849,-9.745100939505235,-58.99999999999999
-19.67511192110551,-8.149698198930395,-60.999999999999986
-14.936842661807333,-6.187042809553567,-62.999999999999986
-7.907162509191224,-3.2752539511950047,-64.99999999999999
-2.1786352758963403,-0.9024202787406423,-66.99999999999999
-0.6299178630759315,-0.2609205220670461,-68.99999999999999
-49.0134268161189,-32.74972476975153,-14.999999999999993
-48.70772152977746,-32.54545902791918,-16.999999999999993
-48.12221818475063,-32.15423820034196,-18.999999999999993
-47.650706641410444,-31.83918425954969,-20.999999999999993
-47.163650761476624,-31.51374392510492,-22.999999999999993
-46.479699951356785,-31.056742604395247,-24.999999999999993
-45.76466046804969,-30.57896849638059,-26.999999999999993
-45.002987974961684,-30.070035207408452,-28.999999999999993
-44.272404155060954,-29.581874705741306,-30.999999999999993
-43.41228419687995,-29.007160923636718,-32.99999999999999
-42.35008786298172,-28.297424024049725,-34.99999999999999
-41.28789152908349,-27.587687124462732,-36.99999999999999
-40.21533230412284,-26.871025962440747,-38.99999999999999
-39.0080554953507,-26.06434938876383,-40.99999999999999
-37.61424664745497,-25.13303609125699,-42.99999999999999
-36.16862334424714,-24.16710148157518,-44.99999999999999
-34.650459803602345,-23.15269703484841,-46.99999999999999
-32.91985699617793,-21.99634520820424,-48.99999999999999
-31.028629377285952,-20.732667313817636,-50.99999999999999
-28.883510927364654,-19.299344989773672,-52.99999999999999
-27.199541129721112,-18.174152344086977,-54.99999999999999
-24.095855256525795,-16.100335744805953,-56.99999999999999
-21.033620947580175,-14.054216195264928,-58.99999999999999
-17.56723388720009,-11.73805041075908,-60.999999999999986
-13.385807343512923,-8.944110518238588,-62.999999999999986
-6.831278746531154,-4.564514528104226,-64.99999999999999
-1.8260023633814626,-1.2200957720016277,-66.99999999999999
-0.4840079707978333,-0.32340378666975766,-68.99999999999999
-41.7177448698131,-41.717744869813075,-14.99999999999998
-41.35200892103956,-41.352008921039534,-16.99999999999998
-40.92458257126807,-40.92458257126804,-18.99999999999998
-40.47512393542589,-40.47512393542586,-20.99999999999998
-40.02566529958371,-40.02566529958368,-22.99999999999998
-39.5057033483153,-39.50570334831527,-24.99999999999998
-38.92845745326309,-38.928457453263064,-26.99999999999998
-38.232237213429116,-38.23223721342909,-28.99999999999998
-37.518391144738594,-37.518391144738565,-30.99999999999998
-36.822170904904624,-36.822170904904596,-32.99999999999998
-35.980537577004064,-35.980537577004036,-34.99999999999998
-35.06840093367728,-35.06840093367725,-36.99999999999998
-34.081354517710146,-34.08135451771012,-38.99999999999998
-33.05905644402988,-33.05905644402985,-40.99999999999998
-31.91778402556787,-31.91778402556784,-42.99999999999997
-30.661943719538243,-30.661943719538215,-44.99999999999997
-29.379664670223782,-29.379664670223754,-46.99999999999997
-27.89909504627306,-27.899095046273032,-48.99999999999997
-26.312770449183013,-26.312770449182985,-50.99999999999997
-24.54137464909912,-24.54137464909909,-52.99999999999997
-22.509997873381025,-22.509997873380996,-54.99999999999997
-20.425743611093253,-20.425743611093225,-56.99999999999997
-17.88762425574916,-17.88762425574913,-58.99999999999997
-15.045459352629479,-15.04545935262945,-60.999999999999964
-11.291157806183008,-11.29115780618298,-62.999999999999964
-5.765460459652658,-5.76546045965263,-64.99999999999996
-1.4427259325822632,-1.4427259325822348,-66.99999999999996
-0.28382768526368807,-0.28382768526365965,-68.99999999999996
-32.756649032186566,-49.023789707181294,-14.999999999999993
-32.49006492843926,-48.62481840127806,-16.999999999999993
-32.14038967547201,-48.10149240262576,-18.999999999999993
-31.776865897634764,-47.55744062184861,-20.999999999999993
-31.45142556319,-47.07038474191479,-22.999999999999993
-31.011734898567816,-46.41234115945102,-24.999999999999993
-30.55819570907564,-45.733571794862385,-26.999999999999993
-30.01810323914603,-44.925266291993495,-28.999999999999993
-29.46070011312893,-44.09105356146854,-30.999999999999993
-28.924069774416814,-43.28792950413086,-32.99999999999999
-28.242029924569806,-42.26718473448232,-34.99999999999999
-27.514982368895325,-41.179081172928036,-36.99999999999999
-26.742927107393378,-40.023618819468005,-38.99999999999999
-25.946636927368942,-38.831886347289505,-40.99999999999999
-25.02224789229711,-37.448440390456206,-42.99999999999999
-24.039002626527818,-35.97690985959232,-44.99999999999999
-23.021136048583543,-34.45356487341631,-46.99999999999999
-21.889019140461855,-32.759232184710356,-48.99999999999999
-19.250875152728746,-28.81097068992767,-52.99999999999999
-17.654832661462386,-26.42232430003945,-54.99999999999999
-16.044941645326034,-24.012952128026384,-56.99999999999999
-14.019594883089987,-20.981806492268035,-58.99999999999999
-11.810755166326565,-17.67604424335549,-60.999999999999986
-8.854095106583692,-13.2510897597014,-62.999999999999986
-4.626832890019216,-6.924544766092922,-64.99999999999999
-1.1266182291292353,-1.6861033340387337,-66.99999999999999
-0.19530493162238827,-0.2922944861429926,-68.99999999999999
-22.541709468540603,-54.42050071802462,-15.0
-22.36285265905912,-53.98870218285163,-17.0
-22.152994002600845,-53.482058568248675,-19.0
-21.919287771545036,-52.917841815622644,-21.0
-21.676042510650216,-52.33059580778739,-23.0
-21.344561223744535,-51.53032918926681,-25.0
-21.034542753976627,-50.781878394966974,-27.0
-20.68875292231242,-49.94706789363254,-29.0
-20.30957648621167,-49.031654999065815,-31.0
-19.875550628536605,-47.98382388704606,-33.0
-19.403368651505488,-46.84387575418938,-35.0
-18.95741900653165,-45.76725807315809,-37.0
-18.413694305707942,-44.45459052623224,-39.0
-17.831813485528176,-43.04980595846946,-41.0
-17.2046222736131,-41.535632428462876,-43.0
-16.524966397583466,-39.89479799480556,-45.0
-15.838156249174563,-38.23669161974132,-47.0
-15.058340559835287,-36.35405000638711,-49.0
-14.20459738924367,-34.29293166516143,-51.0
-13.236385860583901,-31.955462261425026,-53.0
-12.18470782083277,-29.416486874607898,-55.0
-11.004252878254967,-26.56661654246622,-57.0
-9.656864913494452,-23.313734244163115,-59.0
-8.092464019896404,-19.536936389850126,-61.0
-6.151271447657351,-14.850482954772687,-63.0
-3.07254956711607,-7.417790835995135,-65.0
-0.7855671632128249,-1.896526899583293,-67.0
-0.10352652972343179,-0.249935152123669,-69.0
-11.503821220614551,-57.833614732750725,-15.0
-11.404130638176689,-57.33243633066784,-17.0
-11.300792839308174,-56.8129221333868,-19.0
-11.184081913527265,-56.22617668704587,-21.0
-11.05399786083396,-55.57219999164503,-23.0
-10.897167554315864,-54.783760798124405,-25.0
-10.729395598505805,-53.94031421900931,-27.0
-10.547034776973133,-53.023524459101594,-29.0
-10.35616378376894,-52.063951177064865,-31.0
-10.153135402462564,-51.04325857770094,-33.0
-9.896614513506604,-49.75364098209741,-35.0
-9.653466751463045,-48.53125463555381,-37.0
-9.38843569083556,-47.19885351782126,-39.0
-9.09544263757307,-45.72587797023621,-41.0
-8.781782024536874,-44.14899958319495,-43.0
-8.428002030763492,-42.370427448973984,-45.0
-8.071790559369672,-40.57963145128758,-47.0
-7.676675446048884,-38.59325363815421,-49.0
-7.24144095199091,-36.40518207784115,-51.0
-6.768518554816179,-34.0276406338138,-53.0
-6.195905575203589,-31.148920787703574,-55.0
-5.62450833440122,-28.27631287332609,-57.0
-4.931537212577069,-24.792511785676794,-59.0
-4.177779150242028,-21.003114111391568,-61.0
-3.1042817808197007,-15.606278391401503,-63.0
-1.5311157603978565,-7.69743872926432,-65.0
-0.38345832355224374,-1.9277751735784534,-67.0
-0.06128753884452465,-0.30811326440816345,-69.0
-8.485979734891471e-15,-58.94171554252199,-14.999999999999986
-8.390503810559705e-15,-58.511730205278596,-16.999999999999986
-8.256284032875915e-15,-57.90725806451613,-18.999999999999986
-8.113762000902407e-15,-57.26539589442815,-20.999999999999986
-7.969856259880613e-15,-56.617302052785924,-22.999999999999986
-7.801043755989662e-15,-55.85703812316716,-24.999999999999986
-7.618394161615845e-15,-55.03445747800586,-26.999999999999986
-7.39976813198658e-15,-54.049853372434015,-28.999999999999986
-7.170072429971024e-15,-53.01539589442815,-30.999999999999986
-6.9472952731969006e-15,-52.01209677419355,-32.999999999999986
-6.673320881636176e-15,-50.778225806451616,-34.999999999999986
-6.388276817689161e-15,-49.494501466275665,-36.999999999999986
-6.072791154679842e-15,-48.07368035190616,-38.999999999999986
-5.7490032373808054e-15,-46.61546920821115,-40.999999999999986
-5.404459684357468e-15,-45.063782991202345,-42.999999999999986
-5.0073351874992485e-15,-43.27529325513197,-44.999999999999986
-4.588071345868443e-15,-41.38709677419355,-46.999999999999986
-4.1452844504167696e-15,-39.39296187683286,-48.99999999999998
-3.649916611130204e-15,-37.16202346041055,-50.99999999999998
-3.1116537913467647e-15,-34.73790322580646,-52.99999999999998
-2.47791504723155e-15,-31.883797653958936,-54.99999999999998
-1.815118413102327e-15,-28.898826979472148,-56.99999999999998
-1.0374739279653226e-15,-25.396627565982413,-58.99999999999998
-1.6296980944826398e-16,-21.458211143695024,-60.99999999999998
1.0325548082712639e-15,-16.074046920821104,-62.99999999999998
2.8023186810296753e-15,-8.103739002932556,-64.99999999999997
4.170806929785008e-15,-1.9406158357771375,-66.99999999999997
4.523652737098066e-15,-0.35153958944280816,-68.99999999999997
11.48558513846119,-57.74193575675999,-14.999999999999986
11.415072287468556,-57.38744371626235,-16.999999999999986
11.282556757154813,-56.721243157396074,-18.999999999999986
11.16827730899434,-56.146721574520576,-20.999999999999986
11.061292293695173,-55.60887158204139,-22.999999999999986
10.893520337885114,-54.76542500292629,-24.999999999999986
10.724532643264837,-53.91586649207847,-26.999999999999986
10.547034776973035,-53.02352445910164,-28.999999999999986
10.344006395666662,-52.002831859737725,-30.999999999999986
10.140978014360286,-50.9821392603738,-32.999999999999986
9.908771901608684,-49.81476029942465,-34.999999999999986
9.648603796222071,-48.50680690862298,-36.999999999999986
9.384788474404806,-47.180517722623165,-38.999999999999986
9.101521331624054,-45.756437628899846,-40.999999999999986
8.786644979777641,-44.173447310125866,-42.999999999999986
8.434080724814475,-42.40098710763762,-44.999999999999986
8.066927604128692,-40.55518372435675,-46.999999999999986
7.666949535567031,-38.544358184292506,-48.99999999999998
7.239009474370363,-36.39295821437575,-50.99999999999998
6.761224121954761,-33.99096904341755,-52.99999999999998
6.210494440926091,-31.222263968496264,-54.99999999999998
5.634234244882844,-28.32520832718788,-56.99999999999998
4.953420511160871,-24.902526556865766,-58.99999999999998
4.130365336643408,-20.764748773815626,-60.99999999999998
3.1298122958341494,-15.734628957788658,-62.99999999999998
1.5688036635144726,-7.88690861297863,-64.99999999999997
0.36400650258861944,-1.8299842658550318,-66.99999999999997
0.04669867312176734,-0.2347700836156008,-68.99999999999997
22.539324711080813,-54.41474340422232,-14.999999999999996
22.393854506035872,-54.06354726228163,-16.999999999999996
22.1839958495776,-53.556903647678666,-18.999999999999996
21.907363984246235,-52.88905524661113,-20.999999999999996
21.67127299573068,-52.31908118018279,-22.999999999999996
21.392256372939563,-51.64547546531295,-24.999999999999996
21.060775086033875,-50.84520884679235,-26.999999999999996
20.70544622453066,-49.9873690902487,-28.999999999999996
20.297652698912877,-49.002868430054306,-30.999999999999996
19.889859173295086,-48.0183677698599,-32.99999999999999
19.439140013401747,-46.930235461224,-34.99999999999999
18.964573278910876,-45.78453001456502,-36.99999999999999
18.430387607926175,-44.49489172284838,-38.99999999999999
17.848506787746413,-43.09010715508563,-40.99999999999999
17.226085090750846,-41.58744825268366,-42.99999999999999
16.575046304238242,-40.01570158465401,-44.99999999999999
15.8548495513928,-38.27699281635748,-46.99999999999999
15.03449298523772,-36.29647686836407,-48.99999999999999
14.166441269887589,-34.20081464432455,-50.99999999999999
13.191075468848553,-31.846073299181214,-52.99999999999999
12.184707820832735,-29.416486874607912,-54.99999999999999
11.054332784909754,-26.68752013231469,-56.99999999999999
9.666403943333428,-23.33676349937234,-58.99999999999999
8.071001202758588,-19.485120565629373,-60.99999999999999
6.127423873059783,-14.792909816749642,-62.99999999999999
3.0320086903002377,-7.319916501355948,-65.0
0.6901768648226607,-1.6662343474910415,-67.0
0.03913807831006011,-0.0944876794614089,-69.0
32.74972476975152,-49.0134268161189,-14.999999999999998
32.510837715744195,-48.65590707446535,-17.0
32.18885951251693,-48.17403264006274,-19.0
31.85995704685466,-47.68179531459771,-21.0
31.503357531452423,-47.14810642488298,-23.0
31.046356210742744,-46.46415561476314,-24.999999999999996
30.56511997151059,-45.74393468592484,-26.999999999999996
30.059648813755956,-44.987443638368056,-28.999999999999996
29.50916995017385,-44.16359379890552,-30.999999999999996
28.92753190563426,-43.29311094966209,-33.0
28.24895418700475,-42.27754762554476,-35.0
27.53229302498277,-41.204988400584114,-37.0
26.7810105507858,-40.08061472031135,-39.0
25.93625053371641,-38.8163420106959,-41.0
25.06033133568954,-37.505436291299546,-43.0
24.04246475774527,-35.982091305123554,-45.0
23.05229522954098,-34.500197883197245,-47.0
21.833625040981843,-32.676329056211,-49.0
20.59764419633524,-30.826553001568726,-51.0
19.13316269133378,-28.634801541866523,-53.0
17.647908399027344,-26.411961408977064,-55.0
16.089949351153464,-24.080310919932174,-57.0
14.023057014307447,-20.986987937799285,-59.0
11.828065822414018,-17.701951471011583,-61.0
8.88525428754113,-13.297722769482334,-63.0
4.349862392619372,-6.510029123596084,-65.0
0.9777465867767887,-1.463301176196694,-67.0
-0.005498678992495343,0.008229354667193434,-69.0
41.73096424145552,-41.73096424145547,-14.99999999999999
41.42251223646578,-41.422512236465735,-16.99999999999999
41.025931087193264,-41.02593108719322,-18.99999999999999
40.56325307970867,-40.56325307970862,-20.99999999999999
40.10057507222407,-40.100575072224025,-22.99999999999999
39.527735634386,-39.52773563438595,-24.99999999999999
38.93286391047723,-38.932863910477174,-26.99999999999999
38.27189532835637,-38.271895328356315,-28.99999999999999
37.58008154573655,-37.58008154573649,-30.99999999999999
36.84860964818946,-36.8486096481894,-32.999999999999986
35.96731820536166,-35.9673182053616,-34.999999999999986
35.06840093367729,-35.06840093367723,-36.999999999999986
34.12982554706567,-34.129825547065614,-38.999999999999986
33.06346290124403,-33.063462901243966,-40.999999999999986
31.94422276885271,-31.94422276885264,-42.999999999999986
30.644317890681698,-30.644317890681634,-44.999999999999986
29.344413012510678,-29.344413012510607,-46.999999999999986
27.79774653034788,-27.7977465303478,-48.999999999999986
26.18057673275885,-26.18057673275878,-50.999999999999986
24.33427116003459,-24.334271160034504,-52.999999999999986
22.448307472383085,-22.448307472383,-54.999999999999986
20.434556525521543,-20.434556525521458,-56.999999999999986
17.905250084605726,-17.90525008460564,-58.999999999999986
15.067491638700204,-15.067491638700105,-60.999999999999986
11.396912779322378,-11.396912779322278,-62.999999999999986
5.624453828800242,-5.624453828800114,-64.99999999999999
1.1915578713763608,-1.191557871376233,-66.99999999999999
-0.02021786251187052,0.02021786251199842,-68.99999999999999
49.153325845461566,-32.84320231262399,-14.999999999999995
48.81653188593286,-32.61816378348665,-16.999999999999993
48.31911311493661,-32.28579918660689,-18.999999999999993
47.76469844309705,-31.91535114633465,-20.999999999999993
47.220646662319915,-31.551827368497413,-22.999999999999993
46.557421634324925,-31.108674572657733,-24.999999999999993
45.86828937867388,-30.648211120730565,-26.999999999999993
45.13252411324193,-30.156588487845916,-28.999999999999993
44.272404155060926,-29.581874705741328,-30.999999999999993
43.45373576112961,-29.034857973376717,-32.99999999999999
42.375995090637744,-28.314734680137235,-34.99999999999999
41.329343093333144,-27.61538417420273,-36.99999999999999
40.19460652199796,-26.857177437570776,-38.99999999999999
38.96142248556978,-26.033190207806364,-40.99999999999999
37.62460953851737,-25.139960353692004,-42.99999999999999
36.12199033446621,-24.13594230061772,-44.99999999999999
34.56755667510295,-23.097302935368468,-46.99999999999999
32.790320857897626,-21.90979192776682,-48.99999999999999
30.80582721944387,-20.583795671465275,-50.99999999999999
28.73324900695951,-19.19894318446626,-52.99999999999999
26.47413875535156,-17.68945397363734,-54.99999999999999
24.101036702056973,-16.103797876023478,-56.99999999999999
21.230515877766152,-14.18577718152985,-58.99999999999999
17.85221339141667,-11.928467627721467,-60.99999999999999
13.380625897981673,-8.940648387021106,-62.99999999999999
6.784645736750235,-4.53335534714676,-64.99999999999999
1.4477568396030165,-0.967360193124307,-66.99999999999999
-0.03931802785449179,0.026271466297473012,-68.99999999999999
54.7716968599653,-22.687179673585543,-14.999999999999991
54.322626383385405,-22.5011685917248,-16.999999999999993
53.78719619977091,-22.27938614796776,-18.999999999999993
53.18267825052874,-22.02898661469368,-20.999999999999993
52.58391761508888,-21.780971838879356,-22.999999999999993
51.85273876219596,-21.47810764149071,-24.999999999999993
51.09853065409382,-21.16570441426305,-26.99999999999999
50.25220552515478,-20.81514506767934,-28.99999999999999
49.2907341201696,-20.416890571900563,-30.99999999999999
48.311990773777524,-20.011481803742537,-32.99999999999999
47.154770699513925,-19.532145554332153,-34.99999999999999
46.03785182186648,-19.06950260714005,-36.99999999999999
44.76548547155677,-18.542471208534607,-38.99999999999999
43.39524478660785,-17.974898933113362,-40.99999999999999
41.92712976701971,-17.366785780876313,-42.99999999999999
40.23447950914165,-16.6656670877089,-44.99999999999999
38.52455730985663,-15.957394122162217,-46.999999999999986
36.555555989467834,-15.141807070926646,-48.999999999999986
34.408077941207566,-14.25229253843873,-50.999999999999986
32.13969630309883,-13.312698099295993,-52.999999999999986
29.646779426700164,-12.280098119222892,-54.999999999999986
26.935084625813843,-11.156877355679171,-56.999999999999986
23.745532779336088,-9.835721722975933,-58.999999999999986
19.824802079965437,-8.211701892884058,-60.999999999999986
15.000173113632684,-6.213275141610936,-62.999999999999986
7.653840701889692,-3.1703246229659428,-64.99999999999999
1.6489624060841095,-0.6830225924434288,-66.99999999999999
0.03115722763601525,-0.012905746252798167,-68.99999999999999
58.24311415884284,-11.5852757208992,-14.99999999999999
57.86417439141432,-11.509899914665695,-16.99999999999999
57.26520508160795,-11.39075751126435,-18.99999999999999
56.647899976603426,-11.267967891432352,-20.99999999999999
56.04281873506433,-11.14760974922079,-22.99999999999999
55.2543795415437,-10.990779442702692,-24.99999999999999
54.429268757626765,-10.826654703323289,-26.99999999999999
53.524702861184494,-10.646725359411054,-28.99999999999999
52.50401026182057,-10.443696978104681,-30.99999999999999
51.434422208594896,-10.230942686316563,-32.999999999999986
50.23648358898215,-9.992657879513875,-34.999999999999986
49.001873378973116,-9.74707863984988,-36.999999999999986
47.657248397775135,-9.479616101601962,-38.999999999999986
46.196496713655506,-9.189054525959904,-40.999999999999986
44.60128253141609,-8.871746696493057,-42.999999999999986
42.80437460199697,-8.514319486289024,-44.999999999999986
41.031914399508736,-8.161755231325863,-46.999999999999986
38.91718601998828,-7.741109602990502,-48.999999999999986
36.66799514234803,-7.293717720830347,-50.999999999999986
34.24767017619165,-6.812285151984096,-52.999999999999986
31.472853169537657,-6.260339732145216,-54.999999999999986
28.6797003676855,-5.704747095875678,-56.999999999999986
24.98198166939106,-4.969225115693906,-58.999999999999986
21.204807858571286,-4.217898530979305,-60.999999999999986
15.936322704968305,-3.1699316765715544,-62.99999999999998
8.443094400655937,-1.6794358952445272,-64.99999999999999
1.8788797197167213,-0.3737324130706057,-66.99999999999999
0.06974792683217856,-0.013873725246135393,-68.99999999999999
